 
 
	 
		 
		 
		 
		 
		 
         
		 
		   
		  
		 
		  window.dataLayer = window.dataLayer || [];
		  function gtag(){dataLayer.push(arguments);}
		  gtag('js', new Date());

		  gtag('config', 'G-88NRD2W5YY');
		 
		 Tax tables for Form IT-201 
 	 
	 
		 
			 
				  Skip to main content  
				 Your browser will need to support JavaScript to use this site completely. Site functionality and usability will be disrupted. Additionally, videos, data, site search and notifications will be disabled or function poorly. 
				 
					  
				 
				 
					 
						 
							   Department of   Taxation and Finance   
							 
								    Main navigation menu  
								 
								 
									  Online services 
										 
											  Online Services home  
											  Make a payment  
											  Quick Pay (businesses and individuals)  
											  Apply for a personal income tax extension  
											  Request installment payment agreement  
										 
									 
									  Individuals 
										 
											  Individuals home  
											  Income tax credits  
											  Quick Pay  
											  E-file options  
											  Income tax filing resource center  
											  Check your refund  
											  Respond to a letter  
										 
									 
									  Businesses 
										 
											  Businesses home  
											  Sales and use tax  
											  Withholding tax  
											  Corporation tax  
											  Quick Pay  
											  Self-employment resource center  
											  Other taxes  
										 
									 
									  Tax professionals 
										 
											  Tax professionals home  
											  Registration and education  
											  Posting requirements  
											  Professional responsibility  
										 
									 
									  Real property 
										 
											  Real property home  
											  STAR  
											  Respond to a STAR letter  
											  Property owners  
											  Homeowner Benefit Portal  
											  Assessment community  
											  Real estate transfer tax  
											  Mortgage recording tax  
										 
									 
									  Forms and guidance 
										 
											  Forms and guidance home  
											  Form RP-5217-PDF  
											  Income tax rates and tables  
											  School district codes  
											  Current-year income tax forms  
										 
									 
									  Tax data 
										 
											  Tax data home  
											  Statistics and reports  
											  Open data  
											  Municipal Data Portal  
										 
									 
									  About 
										 
											  About us  
											  Employment opportunities  
											  Leadership  
										 
									 
								 
										
								 
                           	 
							 
								 
									  Search box  
									 
										 
											 Search entire Tax site 
											 
											  Search Tax  
										 
									 
								 
								 
									  Log in menu  
									 
										 Log in | Create account 
									 
								 
							 
                    				 
					 
					 
	            		 


			 
				 Tax tables for Form IT-201 
				
				
				
				  
					
					
					
					 
						
						   2025 New York State Tax Table 
 If your New York adjusted gross income, Form IT-201, line 33 is more than $107,650, you cannot use these tables. To compute your tax, see  Tax computation - New York AGI of more than $107,650 . If you fail to follow these instructions, you may have to pay interest and penalty if the income tax you report on your return is less than the correct amount. 
  Example:   A married couple are filing a joint return on Form IT-201. Their taxable income on line 38 is $38,275. First, they find the 38,250 - 38,300 income line. Next, they find the column for   Married filing jointly   and read down the column. The amount shown where the income line and filing status column meet is $1,773. This is the tax amount they must write on Form IT-201, line 39.  
     
 $0—$5,999 
						
												
					 
					
				  
				
				
				  
					
					
					
					 
						
						  New York State Tax Table     
 
 
 If your  taxable  income is: 
 And you are: 
 
 
 At  least 
 But less  than 
 Single  or  Married  filing  separately 
 Married filing jointly* 
 Head  of a household 
 
 
  
 Your New York State tax is: 
 
 
 $0 
 $13 
 $0 
 $0 
 $0 
 
 
 13 
 25 
 1 
 1 
 1 
 
 
 25 
 50 
 2 
 2 
 2 
 
 
 50 
 100 
 3 
 3 
 3 
 
 
 100 
 150 
 5 
 5 
 5 
 
 
 150 
 200 
 7 
 7 
 7 
 
 
 200 
 250 
 9 
 9 
 9 
 
 
 250 
 300 
 11 
 11 
 11 
 
 
 300 
 350 
 13 
 13 
 13 
 
 
 350 
 400 
 15 
 15 
 15 
 
 
 400 
 450 
 17 
 17 
 17 
 
 
 450 
 500 
 19 
 19 
 19 
 
 
 500 
 550 
 21 
 21 
 21 
 
 
 550 
 600 
 23 
 23 
 23 
 
 
 600 
 650 
 25 
 25 
 25 
 
 
 650 
 700 
 27 
 27 
 27 
 
 
 700 
 750 
 29 
 29 
 29 
 
 
 750 
 800 
 31 
 31 
 31 
 
 
 800 
 850 
 33 
 33 
 33 
 
 
 850 
 900 
 35 
 35 
 35 
 
 
 900 
 950 
 37 
 37 
 37 
 
 
 950 
 1,000 
 39 
 39 
 39 
 
 
 1,000 
 Your New York State tax is: 
 
 
 1,000 
  1,050  
 41 
 41 
 41 
 
 
  1,050  
  1,100  
 43 
 43 
 43 
 
 
  1,100  
  1,150  
 45 
 45 
 45 
 
 
  1,150  
  1,200  
 47 
 47 
 47 
 
 
  1,200  
  1,250  
 49 
 49 
 49 
 
 
  1,250  
  1,300  
 51 
 51 
 51 
 
 
  1,300  
  1,350  
 53 
 53 
 53 
 
 
  1,350  
  1,400  
 55 
 55 
 55 
 
 
  1,400  
  1,450  
 57 
 57 
 57 
 
 
  1,450  
  1,500  
 59 
 59 
 59 
 
 
  1,500  
  1,550  
 61 
 61 
 61 
 
 
  1,550  
  1,600  
 63 
 63 
 63 
 
 
  1,600  
  1,650  
 65 
 65 
 65 
 
 
  1,650  
  1,700  
 67 
 67 
 67 
 
 
  1,700  
  1,750  
 69 
 69 
 69 
 
 
  1,750  
  1,800  
 71 
 71 
 71 
 
 
  1,800  
  1,850  
 73 
 73 
 73 
 
 
  1,850  
  1,900  
 75 
 75 
 75 
 
 
  1,900  
  1,950  
 77 
 77 
 77 
 
 
  1,950  
  2,000  
 79 
 79 
 79 
 
 
 
 *This column must also be used by a qualifying surviving spouse 
 $6,000—$14,999 
						
												
					 
					
					
					 
						
						  New York State Tax Table     
 
 
 If your  taxable  income is: 
 And you are: 
 
 
 At  least 
 But less  than 
 Single  or  Married  filing  separately 
 Married filing jointly* 
 Head  of a household 
 
 
 2,000 
 Your New York State tax is: 
 
 
 2,000 
  2,050  
 81 
 81 
 81 
 
 
 2,050 
  2,100  
 83 
 83 
 83 
 
 
 2,100 
  2,150  
 85 
 85 
 85 
 
 
 2,150 
  2,200  
 87 
 87 
 87 
 
 
 2,200 
  2,250  
 89 
 89 
 89 
 
 
 2,250 
  2,300  
 91 
 91 
 91 
 
 
 2,300 
  2,350  
 93 
 93 
 93 
 
 
 2,350 
  2,400  
 95 
 95 
 95 
 
 
 2,400 
  2,450  
 97 
 97 
 97 
 
 
 2,450 
  2,500  
 99 
 99 
 99 
 
 
 2,500 
  2,550  
 101 
 101 
 101 
 
 
 2,550 
  2,600  
 103 
 103 
 103 
 
 
 2,600 
  2,650  
 105 
 105 
 105 
 
 
 2,650 
  2,700  
 107 
 107 
 107 
 
 
 2,700 
  2,750  
 109 
 109 
 109 
 
 
 2,750 
  2,800  
 111 
 111 
 111 
 
 
 2,800 
  2,850  
 113 
 113 
 113 
 
 
 2,850 
  2,900  
 115 
 115 
 115 
 
 
 2,900 
  2,950  
 117 
 117 
 117 
 
 
 2,950 
 3,000 
 119 
 119 
 119 
 
 
 3,000 
 Your New York State tax is: 
 
 
 3,000 
  3,050  
 121 
 121 
 121 
 
 
  3,050  
  3,100  
 123 
 123 
 123 
 
 
  3,100  
  3,150  
 125 
 125 
 125 
 
 
  3,150  
  3,200  
 127 
 127 
 127 
 
 
  3,200  
  3,250  
 129 
 129 
 129 
 
 
  3,250  
  3,300  
 131 
 131 
 131 
 
 
  3,300  
  3,350  
 133 
 133 
 133 
 
 
  3,350  
  3,400  
 135 
 135 
 135 
 
 
  3,400  
  3,450  
 137 
 137 
 137 
 
 
  3,450  
  3,500  
 139 
 139 
 139 
 
 
  3,500  
  3,550  
 141 
 141 
 141 
 
 
  3,550  
  3,600  
 143 
 143 
 143 
 
 
  3,600  
  3,650  
 145 
 145 
 145 
 
 
  3,650  
  3,700  
 147 
 147 
 147 
 
 
  3,700  
  3,750  
 149 
 149 
 149 
 
 
  3,750  
  3,800  
 151 
 151 
 151 
 
 
  3,800  
  3,850  
 153 
 153 
 153 
 
 
  3,850  
  3,900  
 155 
 155 
 155 
 
 
  3,900  
  3,950  
 157 
 157 
 157 
 
 
  3,950  
  4,000  
 159 
 159 
 159 
 
 
 
						
												
					 
					
					
					 
						
						  New York State Tax Table     
 
 
 If your  taxable  income is: 
 And you are: 
 
 
 At  least 
 But less  than 
 Single  or  Married  filing  separately 
 Married filing jointly* 
 Head  of a household 
 
 
 4,000 
 Your New York State tax is: 
 
 
 4,000 
  4,050  
 161 
 161 
 161 
 
 
 4,050 
  4,100  
 163 
 163 
 163 
 
 
 4,100 
  4,150  
 165 
 165 
 165 
 
 
 4,150 
  4,200  
 167 
 167 
 167 
 
 
 4,200 
  4,250  
 169 
 169 
 169 
 
 
 4,250 
  4,300  
 171 
 171 
 171 
 
 
 4,300 
  4,350  
 173 
 173 
 173 
 
 
 4,350 
  4,400  
 175 
 175 
 175 
 
 
 4,400 
  4,450  
 177 
 177 
 177 
 
 
 4,450 
  4,500  
 179 
 179 
 179 
 
 
 4,500 
  4,550  
 181 
 181 
 181 
 
 
 4,550 
  4,600  
 183 
 183 
 183 
 
 
 4,600 
  4,650  
 185 
 185 
 185 
 
 
 4,650 
  4,700  
 187 
 187 
 187 
 
 
 4,700 
  4,750  
 189 
 189 
 189 
 
 
 4,750 
  4,800  
 191 
 191 
 191 
 
 
 4,800 
  4,850  
 193 
 193 
 193 
 
 
 4,850 
  4,900  
 195 
 195 
 195 
 
 
 4,900 
  4,950  
 197 
 197 
 197 
 
 
 4,950 
 5,000 
 199 
 199 
 199 
 
 
 5,000 
 Your New York State tax is: 
 
 
 5,000 
  5,050  
 201 
 201 
 201 
 
 
  5,050  
  5,100  
 203 
 203 
 203 
 
 
  5,100  
  5,150  
 205 
 205 
 205 
 
 
  5,150  
  5,200  
 207 
 207 
 207 
 
 
  5,200  
  5,250  
 209 
 209 
 209 
 
 
  5,250  
  5,300  
 211 
 211 
 211 
 
 
  5,300  
  5,350  
 213 
 213 
 213 
 
 
  5,350  
  5,400  
 215 
 215 
 215 
 
 
  5,400  
  5,450  
 217 
 217 
 217 
 
 
  5,450  
  5,500  
 219 
 219 
 219 
 
 
  5,500  
  5,550  
 221 
 221 
 221 
 
 
  5,550  
  5,600  
 223 
 223 
 223 
 
 
  5,600  
  5,650  
 225 
 225 
 225 
 
 
  5,650  
  5,700  
 227 
 227 
 227 
 
 
  5,700  
  5,750  
 229 
 229 
 229 
 
 
  5,750  
  5,800  
 231 
 231 
 231 
 
 
  5,800  
  5,850  
 233 
 233 
 233 
 
 
  5,850  
  5,900  
 235 
 235 
 235 
 
 
  5,900  
  5,950  
 237 
 237 
 237 
 
 
  5,950  
  6,000  
 239 
 239 
 239 
 
 
 
						
												
					 
					
				  
				
				
				  
					
					
					
					 
						
						  New York State Tax Table     
 
 
 If your  taxable  income is: 
 And you are: 
 
 
 At  least 
 But less  than 
 Single  or  Married filing  separately 
 Married filing jointly* 
 Head  of a household 
 
 
 6,000 
 Your New York State tax is: 
 
 
 6,000 
 6,050 
 241 
 241 
 241 
 
 
 6,050 
 6,100 
 243 
 243 
 243 
 
 
 6,100 
 6,150 
 245 
 245 
 245 
 
 
 6,150 
 6,200 
 247 
 247 
 247 
 
 
 6,200 
 6,250 
 249 
 249 
 249 
 
 
 6,250 
 6,300 
 251 
 251 
 251 
 
 
 6,300 
 6,350 
 253 
 253 
 253 
 
 
 6,350 
 6,400 
 255 
 255 
 255 
 
 
 6,400 
 6,450 
 257 
 257 
 257 
 
 
 6,450 
 6,500 
 259 
 259 
 259 
 
 
 6,500 
 6,550 
 261 
 261 
 261 
 
 
 6,550 
 6,600 
 263 
 263 
 263 
 
 
 6,600 
 6,650 
 265 
 265 
 265 
 
 
 6,650 
 6,700 
 267 
 267 
 267 
 
 
 6,700 
 6,750 
 269 
 269 
 269 
 
 
 6,750 
 6,800 
 271 
 271 
 271 
 
 
 6,800 
 6,850 
 273 
 273 
 273 
 
 
 6,850 
 6,900 
 275 
 275 
 275 
 
 
 6,900 
 6,950 
 277 
 277 
 277 
 
 
 6,950 
 7,000 
 279 
 279 
 279 
 
 
 7,000 
 Your New York State tax is: 
 
 
 7,000 
 7,050 
 281 
 281 
 281 
 
 
 7,050 
 7,100 
 283 
 283 
 283 
 
 
 7,100 
 7,150 
 285 
 285 
 285 
 
 
 7,150 
 7,200 
 287 
 287 
 287 
 
 
 7,200 
 7,250 
 289 
 289 
 289 
 
 
 7,250 
 7,300 
 291 
 291 
 291 
 
 
 7,300 
 7,350 
 293 
 293 
 293 
 
 
 7,350 
 7,400 
 295 
 295 
 295 
 
 
 7,400 
 7,450 
 297 
 297 
 297 
 
 
 7,450 
 7,500 
 299 
 299 
 299 
 
 
 7,500 
 7,550 
 301 
 301 
 301 
 
 
 7,550 
 7,600 
 303 
 303 
 303 
 
 
 7,600 
 7,650 
 305 
 305 
 305 
 
 
 7,650 
 7,700 
 307 
 307 
 307 
 
 
 7,700 
 7,750 
 309 
 309 
 309 
 
 
 7,750 
 7,800 
 311 
 311 
 311 
 
 
 7,800 
 7,850 
 313 
 313 
 313 
 
 
 7,850 
 7,900 
 315 
 315 
 315 
 
 
 7,900 
 7,950 
 317 
 317 
 317 
 
 
 7,950 
 8,000 
 319 
 319 
 319 
 
 
 8,000 
 Your New York State tax is: 
 
 
 8,000 
 8,050 
 321 
 321 
 321 
 
 
 8,050 
 8,100 
 323 
 323 
 323 
 
 
 8,100 
 8,150 
 325 
 325 
 325 
 
 
 8,150 
 8,200 
 327 
 327 
 327 
 
 
 8,200 
 8,250 
 329 
 329 
 329 
 
 
 8,250 
 8,300 
 331 
 331 
 331 
 
 
 8,300 
 8,350 
 333 
 333 
 333 
 
 
 8,350 
 8,400 
 335 
 335 
 335 
 
 
 8,400 
 8,450 
 337 
 337 
 337 
 
 
 8,450 
 8,500 
 339 
 339 
 339 
 
 
 8,500 
 8,550 
 341 
 341 
 341 
 
 
 8,550 
 8,600 
 343 
 343 
 343 
 
 
 8,600 
 8,650 
 346 
 345 
 345 
 
 
 8,650 
 8,700 
 348 
 347 
 347 
 
 
 8,700 
 8,750 
 350 
 349 
 349 
 
 
 8,750 
 8,800 
 352 
 351 
 351 
 
 
 8,800 
 8,850 
 355 
 353 
 353 
 
 
 8,850 
 8,900 
 357 
 355 
 355 
 
 
 8,900 
 8,950 
 359 
 357 
 357 
 
 
 8,950 
 9,000 
 361 
 359 
 359 
 
 
 
 *This column must also be used by a qualifying surviving spouse 
 $15,000—$23,999 
						
												
					 
					
					
					 
						
						  New York State Tax Table     
 
 
 If your  taxable  income is: 
 And you are: 
 
 
 At  least 
 But less  than 
 Single  or  Married  filing  separately 
 Married filing jointly* 
 Head  of a household 
 
 
 9,000 
 Your New York State tax is: 
 
 
 9,000 
 9,050 
 364 
 361 
 361 
 
 
 9,050 
 9,100 
 366 
 363 
 363 
 
 
 9,100 
 9,150 
 368 
 365 
 365 
 
 
 9,150 
 9,200 
 370 
 367 
 367 
 
 
 9,200 
 9,250 
 373 
 369 
 369 
 
 
 9,250 
 9,300 
 375 
 371 
 371 
 
 
 9,300 
 9,350 
 377 
 373 
 373 
 
 
 9,350 
 9,400 
 379 
 375 
 375 
 
 
 9,400 
 9,450 
 382 
 377 
 377 
 
 
 9,450 
 9,500 
 384 
 379 
 379 
 
 
 9,500 
 9,550 
 386 
 381 
 381 
 
 
 9,550 
 9,600 
 388 
 383 
 383 
 
 
 9,600 
 9,650 
 391 
 385 
 385 
 
 
 9,650 
 9,700 
 393 
 387 
 387 
 
 
 9,700 
 9,750 
 395 
 389 
 389 
 
 
 9,750 
 9,800 
 397 
 391 
 391 
 
 
 9,800 
 9,850 
 400 
 393 
 393 
 
 
 9,850 
 9,900 
 402 
 395 
 395 
 
 
 9,900 
 9,950 
 404 
 397 
 397 
 
 
 9,950 
 10,000 
 406 
 399 
 399 
 
 
 10,000 
 Your New York State tax is: 
 
 
 10,000 
 10,050 
 409 
 401 
 401 
 
 
 10,050 
 10,100 
 411 
 403 
 403 
 
 
 10,100 
 10,150 
 413 
 405 
 405 
 
 
 10,150 
 10,200 
 415 
 407 
 407 
 
 
 10,200 
 10,250 
 418 
 409 
 409 
 
 
 10,250 
 10,300 
 420 
 411 
 411 
 
 
 10,300 
 10,350 
 422 
 413 
 413 
 
 
 10,350 
 10,400 
 424 
 415 
 415 
 
 
 10,400 
 10,450 
 427 
 417 
 417 
 
 
 10,450 
 10,500 
 429 
 419 
 419 
 
 
 10,500 
 10,550 
 431 
 421 
 421 
 
 
 10,550 
 10,600 
 433 
 423 
 423 
 
 
 10,600 
 10,650 
 436 
 425 
 425 
 
 
 10,650 
 10,700 
 438 
 427 
 427 
 
 
 10,700 
 10,750 
 440 
 429 
 429 
 
 
 10,750 
 10,800 
 442 
 431 
 431 
 
 
 10,800 
 10,850 
 445 
 433 
 433 
 
 
 10,850 
 10,900 
 447 
 435 
 435 
 
 
 10,900 
 10,950 
 449 
 437 
 437 
 
 
 10,950 
 11,000 
 451 
 439 
 439 
 
 
 11,000 
 Your New York State tax is: 
 
 
 11,000 
 11,050 
 454 
 441 
 441 
 
 
 11,050 
 11,100 
 456 
 443 
 443 
 
 
 11,100 
 11,150 
 458 
 445 
 445 
 
 
 11,150 
 11,200 
 460 
 447 
 447 
 
 
 11,200 
 11,250 
 463 
 449 
 449 
 
 
 11,250 
 11,300 
 465 
 451 
 451 
 
 
 11,300 
 11,350 
 467 
 453 
 453 
 
 
 11,350 
 11,400 
 469 
 455 
 455 
 
 
 11,400 
 11,450 
 472 
 457 
 457 
 
 
 11,450 
 11,500 
 474 
 459 
 459 
 
 
 11,500 
 11,550 
 476 
 461 
 461 
 
 
 11,550 
 11,600 
 478 
 463 
 463 
 
 
 11,600 
 11,650 
 481 
 465 
 465 
 
 
 11,650 
 11,700 
 483 
 467 
 467 
 
 
 11,700 
 11,750 
 485 
 469 
 469 
 
 
 11,750 
 11,800 
 488 
 471 
 471 
 
 
 11,800 
 11,850 
 491 
 473 
 473 
 
 
 11,850 
 11,900 
 493 
 475 
 475 
 
 
 11,900 
 11,950 
 496 
 477 
 477 
 
 
 11,950 
 12,000 
 498 
 479 
 479 
 
 
 
						
												
					 
					
					
					 
						
						  New York State Tax Table     
 
 
 If your  taxable  income is: 
 And you are: 
 
 
 At  least 
 But less  than 
 Single  or  Married  filing  separately 
 Married filing jointly* 
 Head  of a household 
 
 
 12,000 
 Your New York State tax is: 
 
 
 12,000 
  12, 050 
 501 
 481 
 481 
 
 
  12, 050 
  12, 100 
 504 
 483 
 483 
 
 
  12, 100 
  12, 150 
 506 
 485 
 485 
 
 
  12, 150 
  12, 200 
 509 
 487 
 487 
 
 
  12, 200 
  12, 250 
 512 
 489 
 489 
 
 
  12, 250 
  12, 300 
 514 
 491 
 491 
 
 
  12, 300 
  12, 350 
 517 
 493 
 493 
 
 
  12, 350 
  12, 400 
 519 
 495 
 495 
 
 
  12, 400 
  12, 450 
 522 
 497 
 497 
 
 
  12, 450 
  12, 500 
 525 
 499 
 499 
 
 
  12, 500 
  12, 550 
 527 
 501 
 501 
 
 
  12, 550 
  12, 600 
 530 
 503 
 503 
 
 
  12, 600 
  12, 650 
 533 
 505 
 505 
 
 
  12, 650 
  12, 700 
 535 
 507 
 507 
 
 
  12, 700 
  12, 750 
 538 
 509 
 509 
 
 
  12, 750 
  12, 800 
 540 
 511 
 511 
 
 
  12, 800 
  12, 850 
 543 
 513 
 513 
 
 
  12, 850 
  12, 900 
 546 
 515 
 515 
 
 
  12, 900 
  12, 950 
 548 
 517 
 518 
 
 
  12, 950 
 13,000 
 551 
 519 
 520 
 
 
 13,000 
 Your New York State tax is: 
 
 
 13,000 
  13, 050 
 554 
 521 
 522 
 
 
  13, 050 
  13, 100 
 556 
 523 
 524 
 
 
  13, 100 
  13, 150 
 559 
 525 
 527 
 
 
  13, 150 
  13, 200 
 561 
 527 
 529 
 
 
  13, 200 
  13, 250 
 564 
 529 
 531 
 
 
  13, 250 
  13, 300 
 567 
 531 
 533 
 
 
  13, 300 
  13, 350 
 569 
 533 
 536 
 
 
  13, 350 
  13, 400 
 572 
 535 
 538 
 
 
  13, 400 
  13, 450 
 575 
 537 
 540 
 
 
  13, 450 
  13, 500 
 577 
 539 
 542 
 
 
  13, 500 
  13, 550 
 580 
 541 
 545 
 
 
  13, 550 
  13, 600 
 582 
 543 
 547 
 
 
  13, 600 
  13, 650 
 585 
 545 
 549 
 
 
  13, 650 
  13, 700 
 588 
 547 
 551 
 
 
  13, 700 
  13, 750 
 590 
 549 
 554 
 
 
  13, 750 
  13, 800 
 593 
 551 
 556 
 
 
  13, 800 
  13, 850 
 596 
 553 
 558 
 
 
  13, 850 
  13, 900 
 598 
 555 
 560 
 
 
  13, 900 
  13, 950 
 601 
 557 
 563 
 
 
  13, 950 
 14,000 
 604 
 559 
 565 
 
 
 14,000 
 Your New York State tax is: 
 
 
 14,000 
  14, 050 
 607 
 561 
 567 
 
 
  14, 050 
  14, 100 
 610 
 563 
 569 
 
 
  14, 100 
  14, 150 
 612 
 565 
 572 
 
 
  14, 150 
  14, 200 
 615 
 567 
 574 
 
 
  14, 200 
  14, 250 
 618 
 569 
 576 
 
 
  14, 250 
  14, 300 
 621 
 571 
 578 
 
 
  14, 300 
  14, 350 
 623 
 573 
 581 
 
 
  14, 350 
  14, 400 
 626 
 575 
 583 
 
 
  14, 400 
  14, 450 
 629 
 577 
 585 
 
 
  14, 450 
  14, 500 
 632 
 579 
 587 
 
 
  14, 500 
  14, 550 
 634 
 581 
 590 
 
 
  14, 550 
  14, 600 
 637 
 583 
 592 
 
 
  14, 600 
  14, 650 
 640 
 585 
 594 
 
 
  14, 650 
  14, 700 
 643 
 587 
 596 
 
 
  14, 700 
  14, 750 
 645 
 589 
 599 
 
 
  14, 750 
  14, 800 
 648 
 591 
 601 
 
 
  14, 800 
  14, 850 
 651 
 593 
 603 
 
 
  14, 850 
  14, 900 
 654 
 595 
 605 
 
 
  14, 900 
  14, 950 
 656 
 597 
 608 
 
 
  14, 950 
 15,000 
 659 
 599 
 610 
 
 
 
						
												
					 
					
				  
				
				
				  
					
					
					
					 
						
						  New York State Tax Table     
 
 
 If your  taxable  income is: 
 And you are: 
 
 
 At  least 
 But less  than 
 Single  or  Married  filing  separately 
 Married filing jointly* 
 Head  of a household 
 
 
 15,000 
 Your New York State tax is: 
 
 
 15,000 
  15, 050 
 662 
 601 
 612 
 
 
  15, 050 
 15,100 
 665 
 603 
 614 
 
 
  15, 100 
  15, 150 
 667 
 605 
 617 
 
 
  15, 150 
  15, 200 
 670 
 607 
 619 
 
 
  15, 200 
  15, 250 
 673 
 609 
 621 
 
 
  15, 250 
  15, 300 
 676 
 611 
 623 
 
 
  15, 300 
  15, 350 
 678 
 613 
 626 
 
 
  15, 350 
  15, 400 
 681 
 615 
 628 
 
 
  15, 400 
  15, 450 
 684 
 617 
 630 
 
 
  15, 450 
  15, 500 
 687 
 619 
 632 
 
 
  15, 500 
  15, 550 
 689 
 621 
 635 
 
 
  15, 550 
  15, 600 
 692 
 623 
 637 
 
 
  15, 600 
  15, 650 
 695 
 625 
 639 
 
 
  15, 650 
  15, 700 
 698 
 627 
 641 
 
 
  15, 700 
  15, 750 
 700 
 629 
 644 
 
 
  15, 750 
  15, 800 
 703 
 631 
 646 
 
 
  15, 800 
  15, 850 
 706 
 633 
 648 
 
 
  15, 850 
  15, 900 
 709 
 635 
 650 
 
 
  15, 900 
  15, 950 
 711 
 637 
 653 
 
 
  15, 950 
 16,000 
 714 
 639 
 655 
 
 
 16,000 
 Your New York State tax is: 
 
 
 16,000 
  16, 050 
 717 
 641 
 657 
 
 
  16, 050 
  16, 100 
 720 
 643 
 659 
 
 
  16, 100 
  16, 150 
 722 
 645 
 662 
 
 
  16, 150 
  16, 200 
 725 
 647 
 664 
 
 
  16, 200 
  16, 250 
 728 
 649 
 666 
 
 
  16, 250 
  16, 300 
 731 
 651 
 668 
 
 
  16, 300 
  16, 350 
 733 
 653 
 671 
 
 
  16, 350 
  16, 400 
 736 
 655 
 673 
 
 
  16, 400 
  16, 450 
 739 
 657 
 675 
 
 
  16, 450 
  16, 500 
 742 
 659 
 677 
 
 
  16, 500 
  16, 550 
 744 
 661 
 680 
 
 
  16, 550 
  16, 600 
 747 
 663 
 682 
 
 
  16, 600 
  16, 650 
 750 
 665 
 684 
 
 
  16, 650 
  16, 700 
 753 
 667 
 686 
 
 
  16, 700 
  16, 750 
 755 
 669 
 689 
 
 
  16, 750 
  16, 800 
 758 
 671 
 691 
 
 
  16, 800 
  16, 850 
 761 
 673 
 693 
 
 
  16, 850 
  16, 900 
 764 
 675 
 695 
 
 
  16, 900 
  16, 950 
 766 
 677 
 698 
 
 
  16, 950 
 17,000 
 769 
 679 
 700 
 
 
 17,000 
 Your New York State tax is: 
 
 
 17,000 
  17, 050 
 772 
 681 
 702 
 
 
  17, 050 
  17, 100 
 775 
 683 
 704 
 
 
  17, 100 
  17, 150 
 777 
 685 
 707 
 
 
  17, 150 
  17, 200 
 780 
 687 
 709 
 
 
  17, 200 
  17, 250 
 783 
 689 
 711 
 
 
  17, 250 
  17, 300 
 786 
 692 
 713 
 
 
  17, 300 
  17, 350 
 788 
 694 
 716 
 
 
  17, 350 
  17, 400 
 791 
 696 
 718 
 
 
  17, 400 
  17, 450 
 794 
 698 
 720 
 
 
  17, 450 
  17, 500 
 797 
 701 
 722 
 
 
  17, 500 
  17, 550 
 799 
 703 
 725 
 
 
  17, 550 
  17, 600 
 802 
 705 
 727 
 
 
  17, 600 
  17, 650 
 805 
 707 
 729 
 
 
  17, 650 
  17, 700 
 808 
 710 
 731 
 
 
  17, 700 
  17, 750 
 810 
 712 
 734 
 
 
  17, 750 
  17, 800 
 813 
 714 
 737 
 
 
  17, 800 
  17, 850 
 816 
 716 
 739 
 
 
  17, 850 
  17, 900 
 819 
 719 
 742 
 
 
  17, 900 
  17, 950 
 821 
 721 
 744 
 
 
  17, 950 
 18,000 
 824 
 723 
 747 
 
 
 
 *This column must also be used by a qualifying surviving spouse 
 $24,000—$32,999 
						
												
					 
					
					
					 
						
						  New York State Tax Table     
 
 
 If your  taxable  income is: 
 And you are: 
 
 
 At  least 
 But less  than 
 Single  or  Married  filing  separately 
 Married filing jointly* 
 Head  of a household 
 
 
 18,000 
 Your New York State tax is: 
 
 
 18,000 
  18, 050 
 827 
 725 
 750 
 
 
  18, 050 
  18, 100 
 830 
 728 
 752 
 
 
  18, 100 
  18, 150 
 832 
 730 
 755 
 
 
  18, 150 
  18, 200 
 835 
 732 
 758 
 
 
  18, 200 
  18, 250 
 838 
 734 
 760 
 
 
  18, 250 
  18, 300 
 841 
 737 
 763 
 
 
  18, 300 
  18, 350 
 843 
 739 
 765 
 
 
  18, 350 
  18, 400 
 846 
 741 
 768 
 
 
  18, 400 
  18, 450 
 849 
 743 
 771 
 
 
  18, 450 
  18, 500 
 852 
 746 
 773 
 
 
  18, 500 
  18, 550 
 854 
 748 
 776 
 
 
  18, 550 
  18, 600 
 857 
 750 
 779 
 
 
  18, 600 
  18, 650 
 860 
 752 
 781 
 
 
  18, 650 
  18, 700 
 863 
 755 
 784 
 
 
  18, 700 
  18, 750 
 865 
 757 
 786 
 
 
  18, 750 
  18, 800 
 868 
 759 
 789 
 
 
  18, 800 
  18, 850 
 871 
 761 
 792 
 
 
  18, 850 
  18, 900 
 874 
 764 
 794 
 
 
  18, 900 
  18, 950 
 876 
 766 
 797 
 
 
  18, 950 
 19,000 
 879 
 768 
 800 
 
 
 19,000 
 Your New York State tax is: 
 
 
 19,000 
  19, 050 
 882 
 770 
 802 
 
 
  19, 050 
  19, 100 
 885 
 773 
 805 
 
 
  19, 100 
  19, 150 
 887 
 775 
 807 
 
 
  19, 150 
  19, 200 
 890 
 777 
 810 
 
 
  19, 200 
  19, 250 
 893 
 779 
 813 
 
 
  19, 250 
  19, 300 
 896 
 782 
 815 
 
 
  19, 300 
  19, 350 
 898 
 784 
 818 
 
 
  19, 350 
  19, 400 
 901 
 786 
 821 
 
 
  19, 400 
  19, 450 
 904 
 788 
 823 
 
 
  19, 450 
  19, 500 
 907 
 791 
 826 
 
 
  19, 500 
  19, 550 
 909 
 793 
 828 
 
 
  19, 550 
  19, 600 
 912 
 795 
 831 
 
 
  19, 600 
  19, 650 
 915 
 797 
 834 
 
 
  19, 650 
  19, 700 
 918 
 800 
 836 
 
 
  19, 700 
  19, 750 
 920 
 802 
 839 
 
 
  19, 750 
  19, 800 
 923 
 804 
 842 
 
 
  19, 800 
  19, 850 
 926 
 806 
 844 
 
 
  19, 850 
  19, 900 
 929 
 809 
 847 
 
 
  19, 900 
  19, 950 
 931 
 811 
 849 
 
 
  19, 950 
 20,000 
 934 
 813 
 852 
 
 
 20,000 
 Your New York State tax is: 
 
 
 20,000 
  20, 050 
 937 
 815 
 855 
 
 
  20, 050 
  20, 100 
 940 
 818 
 857 
 
 
  20, 100 
  20, 150 
 942 
 820 
 860 
 
 
  20, 150 
  20, 200 
 945 
 822 
 863 
 
 
  20, 200 
  20, 250 
 948 
 824 
 865 
 
 
  20, 250 
  20, 300 
 951 
 827 
 868 
 
 
  20, 300 
  20, 350 
 953 
 829 
 870 
 
 
  20, 350 
  20, 400 
 956 
 831 
 873 
 
 
  20, 400 
  20, 450 
 959 
 833 
 876 
 
 
  20, 450 
  20, 500 
 962 
 836 
 878 
 
 
  20, 500 
  20, 550 
 964 
 838 
 881 
 
 
  20, 550 
  20, 600 
 967 
 840 
 884 
 
 
  20, 600 
  20, 650 
 970 
 842 
 886 
 
 
  20, 650 
  20, 700 
 973 
 845 
 889 
 
 
  20, 700 
  20, 750 
 975 
 847 
 891 
 
 
  20, 750 
  20, 800 
 978 
 849 
 894 
 
 
  20, 800 
  20, 850 
 981 
 851 
 897 
 
 
  20, 850 
  20, 900 
 984 
 854 
 899 
 
 
  20, 900 
  20, 950 
 986 
 856 
 902 
 
 
  20, 950 
 21,000 
 989 
 858 
 905 
 
 
 
						
												
					 
					
					
					 
						
						  New York State Tax Table     
 
 
 If your  taxable  income is: 
 And you are: 
 
 
 At  least 
 But less  than 
 Single  or  Married  filing  separately 
 Married filing jointly* 
 Head  of a household 
 
 
 21,000 
 Your New York State tax is: 
 
 
 21,000 
  21, 050 
 992 
 860 
 908 
 
 
  21, 050 
  21, 100 
 995 
 863 
 911 
 
 
  21, 100 
  21, 150 
 997 
 865 
 913 
 
 
  21, 150 
  21, 200 
 1,000 
 867 
 916 
 
 
  21, 200 
  21, 250 
 1,003 
 869 
 919 
 
 
  21, 250 
  21, 300 
 1,006 
 872 
 922 
 
 
  21, 300 
  21, 350 
 1,008 
 874 
 924 
 
 
  21, 350 
  21, 400 
 1,011 
 876 
 927 
 
 
  21, 400 
  21, 450 
 1,014 
 878 
 930 
 
 
  21, 450 
  21, 500 
 1,017 
 881 
 933 
 
 
  21, 500 
  21, 550 
 1,019 
 883 
 935 
 
 
  21, 550 
  21, 600 
 1,022 
 885 
 938 
 
 
  21, 600 
  21, 650 
 1,025 
 887 
 941 
 
 
  21, 650 
  21, 700 
 1,028 
 890 
 944 
 
 
  21, 700 
  21, 750 
 1,030 
 892 
 946 
 
 
  21, 750 
  21, 800 
 1,033 
 894 
 949 
 
 
  21, 800 
  21, 850 
 1,036 
 896 
 952 
 
 
  21, 850 
  21, 900 
 1,039 
 899 
 955 
 
 
  21, 900 
  21, 950 
 1,041 
 901 
 957 
 
 
  21, 950 
 22,000 
 1,044 
 903 
 960 
 
 
 22,000 
 Your New York State tax is: 
 
 
 22,000 
  22, 050 
 1,047 
 905 
 963 
 
 
  22, 050 
  22, 100 
 1,050 
 908 
 966 
 
 
  22, 100 
  22, 150 
 1,052 
 910 
 968 
 
 
  22, 150 
  22, 200 
 1,055 
 912 
 971 
 
 
  22, 200 
  22, 250 
 1,058 
 914 
 974 
 
 
  22, 250 
  22, 300 
 1,061 
 917 
 977 
 
 
  22, 300 
  22, 350 
 1,063 
 919 
 979 
 
 
  22, 350 
  22, 400 
 1,066 
 921 
 982 
 
 
  22, 400 
  22, 450 
 1,069 
 923 
 985 
 
 
  22, 450 
  22, 500 
 1,072 
 926 
 988 
 
 
  22, 500 
  22, 550 
 1,074 
 928 
 990 
 
 
  22, 550 
  22, 600 
 1,077 
 930 
 993 
 
 
  22, 600 
  22, 650 
 1,080 
 932 
 996 
 
 
  22, 650 
  22, 700 
 1,083 
 935 
 999 
 
 
  22, 700 
  22, 750 
 1,085 
 937 
 1,001 
 
 
  22, 750 
  22, 800 
 1,088 
 939 
 1,004 
 
 
  22, 800 
  22, 850 
 1,091 
 941 
 1,007 
 
 
  22, 850 
  22, 900 
 1,094 
 944 
 1,010 
 
 
  22, 900 
  22, 950 
 1,096 
 946 
 1,012 
 
 
  22, 950 
 23,000 
 1,099 
 948 
 1,015 
 
 
 23,000 
 Your New York State tax is: 
 
 
 23,000 
  23, 050 
 1,102 
 950 
 1,018 
 
 
  23, 050 
  23, 100 
 1,105 
 953 
 1,021 
 
 
  23, 100 
  23, 150 
 1,107 
 955 
 1,023 
 
 
  23, 150 
  23, 200 
 1,110 
 957 
 1,026 
 
 
  23, 200 
  23, 250 
 1,113 
 959 
 1,029 
 
 
  23, 250 
  23, 300 
 1,116 
 962 
 1,032 
 
 
  23, 300 
  23, 350 
 1,118 
 964 
 1,034 
 
 
  23, 350 
  23, 400 
 1,121 
 966 
 1,037 
 
 
  23, 400 
  23, 450 
 1,124 
 968 
 1,040 
 
 
  23, 450 
  23, 500 
 1,127 
 971 
 1,043 
 
 
  23, 500 
  23, 550 
 1,129 
 973 
 1,045 
 
 
  23, 550 
  23, 600 
 1,132 
 975 
 1,048 
 
 
  23, 600 
  23, 650 
 1,135 
 978 
 1,051 
 
 
  23, 650 
  23, 700 
 1,138 
 980 
 1,054 
 
 
  23, 700 
  23, 750 
 1,140 
 983 
 1,056 
 
 
  23, 750 
  23, 800 
 1,143 
 985 
 1,059 
 
 
  23, 800 
  23, 850 
 1,146 
 988 
 1,062 
 
 
  23, 850 
  23, 900 
 1,149 
 991 
 1,065 
 
 
  23, 900 
  23, 950 
 1,151 
 993 
 1,067 
 
 
  23, 950 
 24,000 
 1,154 
 996 
 1,070 
 
 
 
						
												
					 
					
				  
				
				
				  
					
					
					
					 
						
						  New York State Tax Table     
 
 
 If your  taxable  income is: 
 And you are: 
 
 
 At  least 
 But less  than 
 Single  or  Married  filing  separately 
 Married filing jointly* 
 Head  of a household 
 
 
 24,000 
 Your New York State tax is: 
 
 
 24,000 
  24, 050 
 1,157 
 999 
 1,073 
 
 
  24, 050 
  24, 100 
 1,160 
 1,001 
 1,076 
 
 
  24, 100 
  24, 150 
 1,162 
 1,004 
 1,078 
 
 
  24, 150 
  24, 200 
 1,165 
 1,006 
 1,081 
 
 
  24, 200 
  24, 250 
 1,168 
 1,009 
 1,084 
 
 
  24, 250 
  24, 300 
 1,171 
 1,012 
 1,087 
 
 
  24, 300 
  24, 350 
 1,173 
 1,014 
 1,089 
 
 
  24, 350 
  24, 400 
 1,176 
 1,017 
 1,092 
 
 
  24, 400 
  24, 450 
 1,179 
 1,020 
 1,095 
 
 
  24, 450 
  24, 500 
 1,182 
 1,022 
 1,098 
 
 
  24, 500 
  24, 550 
 1,184 
 1,025 
 1,100 
 
 
  24, 550 
  24, 600 
 1,187 
 1,027 
 1,103 
 
 
  24, 600 
  24, 650 
 1,190 
 1,030 
 1,106 
 
 
  24, 650 
  24, 700 
 1,193 
 1,033 
 1,109 
 
 
  24, 700 
  24, 750 
 1,195 
 1,035 
 1,111 
 
 
  24, 750 
  24, 800 
 1,198 
 1,038 
 1,114 
 
 
  24, 800 
  24, 850 
 1,201 
 1,041 
 1,117 
 
 
  24, 850 
  24, 900 
 1,204 
 1,043 
 1,120 
 
 
  24, 900 
  24, 950 
 1,206 
 1,046 
 1,122 
 
 
  24, 950 
 25,000 
 1,209 
 1,048 
 1,125 
 
 
 25,000 
 Your New York State tax is: 
 
 
 25,000 
  25, 050 
 1,212 
 1,051 
 1,128 
 
 
  25, 050 
  25, 100 
 1,215 
 1,054 
 1,131 
 
 
  25, 100 
  25, 150 
 1,217 
 1,056 
 1,133 
 
 
  25, 150 
  25, 200 
 1,220 
 1,059 
 1,136 
 
 
  25, 200 
  25, 250 
 1,223 
 1,062 
 1,139 
 
 
  25, 250 
  25, 300 
 1,226 
 1,064 
 1,142 
 
 
  25, 300 
  25, 350 
 1,228 
 1,067 
 1,144 
 
 
  25, 350 
  25, 400 
 1,231 
 1,069 
 1,147 
 
 
  25, 400 
  25, 450 
 1,234 
 1,072 
 1,150 
 
 
  25, 450 
  25, 500 
 1,237 
 1,075 
 1,153 
 
 
  25, 500 
  25, 550 
 1,239 
 1,077 
 1,155 
 
 
  25, 550 
  25, 600 
 1,242 
 1,080 
 1,158 
 
 
  25, 600 
  25, 650 
 1,245 
 1,083 
 1,161 
 
 
  25, 650 
  25, 700 
 1,248 
 1,085 
 1,164 
 
 
  25, 700 
  25, 750 
 1,250 
 1,088 
 1,166 
 
 
  25, 750 
  25, 800 
 1,253 
 1,090 
 1,169 
 
 
  25, 800 
  25, 850 
 1,256 
 1,093 
 1,172 
 
 
  25, 850 
  25, 900 
 1,259 
 1,096 
 1,175 
 
 
  25, 900 
  25, 950 
 1,261 
 1,098 
 1,177 
 
 
  25, 950 
 26,000 
 1,264 
 1,101 
 1,180 
 
 
 26,000 
 Your New York State tax is: 
 
 
 26,000 
  26, 050 
 1,267 
 1,104 
 1,183 
 
 
  26, 050 
  26, 100 
 1,270 
 1,106 
 1,186 
 
 
  26, 100 
  26, 150 
 1,272 
 1,109 
 1,188 
 
 
  26, 150 
  26, 200 
 1,275 
 1,111 
 1,191 
 
 
  26, 200 
  26, 250 
 1,278 
 1,114 
 1,194 
 
 
  26, 250 
  26, 300 
 1,281 
 1,117 
 1,197 
 
 
  26, 300 
  26, 350 
 1,283 
 1,119 
 1,199 
 
 
  26, 350 
  26, 400 
 1,286 
 1,122 
 1,202 
 
 
  26, 400 
  26, 450 
 1,289 
 1,125 
 1,205 
 
 
  26, 450 
  26, 500 
 1,292 
 1,127 
 1,208 
 
 
  26, 500 
  26, 550 
 1,294 
 1,130 
 1,210 
 
 
  26, 550 
  26, 600 
 1,297 
 1,132 
 1,213 
 
 
  26, 600 
  26, 650 
 1,300 
 1,135 
 1,216 
 
 
  26, 650 
  26, 700 
 1,303 
 1,138 
 1,219 
 
 
  26, 700 
  26, 750 
 1,305 
 1,140 
 1,221 
 
 
  26, 750 
  26, 800 
 1,308 
 1,143 
 1,224 
 
 
  26, 800 
  26, 850 
 1,311 
 1,146 
 1,227 
 
 
  26, 850 
  26, 900 
 1,314 
 1,148 
 1,230 
 
 
  26, 900 
  26, 950 
 1,316 
 1,151 
 1,232 
 
 
  26, 950 
 27,000 
 1,319 
 1,153 
 1,235 
 
 
 
 *This column must also be used by a qualifying surviving spouse 
 $33,000—$41,999 
						
												
					 
					
					
					 
						
						  New York State Tax Table     
 
 
 If your  taxable  income is: 
 And you are: 
 
 
 At  least 
 But less  than 
 Single  or  Married  filing  separately 
 Married filing jointly* 
 Head  of a household 
 
 
 27,000 
 Your New York State tax is: 
 
 
 27,000 
  27, 050 
 1,322 
 1,156 
 1,238 
 
 
  27, 050 
  27, 100 
 1,325 
 1,159 
 1,241 
 
 
  27, 100 
  27, 150 
 1,327 
 1,161 
 1,243 
 
 
  27, 150 
  27, 200 
 1,330 
 1,164 
 1,246 
 
 
  27, 200 
  27, 250 
 1,333 
 1,167 
 1,249 
 
 
  27, 250 
  27, 300 
 1,336 
 1,169 
 1,252 
 
 
  27, 300 
  27, 350 
 1,338 
 1,172 
 1,254 
 
 
  27, 350 
  27, 400 
 1,341 
 1,174 
 1,257 
 
 
  27, 400 
  27, 450 
 1,344 
 1,177 
 1,260 
 
 
  27, 450 
  27, 500 
 1,347 
 1,180 
 1,263 
 
 
  27, 500 
  27, 550 
 1,349 
 1,182 
 1,265 
 
 
  27, 550 
  27, 600 
 1,352 
 1,185 
 1,268 
 
 
  27, 600 
  27, 650 
 1,355 
 1,188 
 1,271 
 
 
  27, 650 
  27, 700 
 1,358 
 1,190 
 1,274 
 
 
  27, 700 
  27, 750 
 1,360 
 1,193 
 1,276 
 
 
  27, 750 
  27, 800 
 1,363 
 1,195 
 1,279 
 
 
  27, 800 
  27, 850 
 1,366 
 1,198 
 1,282 
 
 
  27, 850 
  27, 900 
 1,369 
 1,201 
 1,285 
 
 
  27, 900 
  27, 950 
 1,371 
 1,203 
 1,287 
 
 
  27, 950 
 28,000 
 1,374 
 1,206 
 1,290 
 
 
 28,000 
 Your New York State tax is: 
 
 
 28,000 
  28, 050 
 1,377 
 1,209 
 1,293 
 
 
  28, 050 
  28, 100 
 1,380 
 1,212 
 1,296 
 
 
  28, 100 
  28, 150 
 1,382 
 1,214 
 1,298 
 
 
  28, 150 
  28, 200 
 1,385 
 1,217 
 1,301 
 
 
  28, 200 
  28, 250 
 1,388 
 1,220 
 1,304 
 
 
  28, 250 
  28, 300 
 1,391 
 1,223 
 1,307 
 
 
  28, 300 
  28, 350 
 1,393 
 1,225 
 1,309 
 
 
  28, 350 
  28, 400 
 1,396 
 1,228 
 1,312 
 
 
  28, 400 
  28, 450 
 1,399 
 1,231 
 1,315 
 
 
  28, 450 
  28, 500 
 1,402 
 1,234 
 1,318 
 
 
  28, 500 
  28, 550 
 1,404 
 1,236 
 1,320 
 
 
  28, 550 
  28, 600 
 1,407 
 1,239 
 1,323 
 
 
  28, 600 
  28, 650 
 1,410 
 1,242 
 1,326 
 
 
  28, 650 
  28, 700 
 1,413 
 1,245 
 1,329 
 
 
  28, 700 
  28, 750 
 1,415 
 1,247 
 1,331 
 
 
  28, 750 
  28, 800 
 1,418 
 1,250 
 1,334 
 
 
  28, 800 
  28, 850 
 1,421 
 1,253 
 1,337 
 
 
  28, 850 
  28, 900 
 1,424 
 1,256 
 1,340 
 
 
  28, 900 
  28, 950 
 1,426 
 1,258 
 1,342 
 
 
  28, 950 
 29,000 
 1,429 
 1,261 
 1,345 
 
 
 29,000 
 Your New York State tax is: 
 
 
 29,000 
  29, 050 
 1,432 
 1,264 
 1,348 
 
 
  29, 050 
  29, 100 
 1,435 
 1,267 
 1,351 
 
 
  29, 100 
  29, 150 
 1,437 
 1,269 
 1,353 
 
 
  29, 150 
  29, 200 
 1,440 
 1,272 
 1,356 
 
 
  29, 200 
  29, 250 
 1,443 
 1,275 
 1,359 
 
 
  29, 250 
  29, 300 
 1,446 
 1,278 
 1,362 
 
 
  29, 300 
  29, 350 
 1,448 
 1,280 
 1,364 
 
 
  29, 350 
  29, 400 
 1,451 
 1,283 
 1,367 
 
 
  29, 400 
  29, 450 
 1,454 
 1,286 
 1,370 
 
 
  29, 450 
  29, 500 
 1,457 
 1,289 
 1,373 
 
 
  29, 500 
  29, 550 
 1,459 
 1,291 
 1,375 
 
 
  29, 550 
  29, 600 
 1,462 
 1,294 
 1,378 
 
 
  29, 600 
  29, 650 
 1,465 
 1,297 
 1,381 
 
 
  29, 650 
  29, 700 
 1,468 
 1,300 
 1,384 
 
 
  29, 700 
  29, 750 
 1,470 
 1,302 
 1,386 
 
 
  29, 750 
  29, 800 
 1,473 
 1,305 
 1,389 
 
 
  29, 800 
  29, 850 
 1,476 
 1,308 
 1,392 
 
 
  29, 850 
  29, 900 
 1,479 
 1,311 
 1,395 
 
 
  29, 900 
  29, 950 
 1,481 
 1,313 
 1,397 
 
 
  29, 950 
 30,000 
 1,484 
 1,316 
 1,400 
 
 
 
						
												
					 
					
					
					 
						
						  New York State Tax Table     
 
 
 If your  taxable  income is: 
 And you are: 
 
 
 At  least 
 But less  than 
 Single  or  Married  filing  separately 
 Married filing jointly* 
 Head  of a household 
 
 
 30,000 
 Your New York State tax is: 
 
 
 30,000 
  30, 050 
 1,487 
 1,319 
 1,403 
 
 
  30, 050 
  30, 100 
 1,490 
 1,322 
 1,406 
 
 
  30, 100 
  30, 150 
 1,492 
 1,324 
 1,408 
 
 
  30, 150 
  30, 200 
 1,495 
 1,327 
 1,411 
 
 
  30, 200 
  30, 250 
 1,498 
 1,330 
 1,414 
 
 
  30, 250 
  30, 300 
 1,501 
 1,333 
 1,417 
 
 
  30, 300 
  30, 350 
 1,503 
 1,335 
 1,419 
 
 
  30, 350 
  30, 400 
 1,506 
 1,338 
 1,422 
 
 
  30, 400 
  30, 450 
 1,509 
 1,341 
 1,425 
 
 
  30, 450 
  30, 500 
 1,512 
 1,344 
 1,428 
 
 
  30, 500 
  30, 550 
 1,514 
 1,346 
 1,430 
 
 
  30, 550 
  30, 600 
 1,517 
 1,349 
 1,433 
 
 
  30, 600 
  30, 650 
 1,520 
 1,352 
 1,436 
 
 
  30, 650 
  30, 700 
 1,523 
 1,355 
 1,439 
 
 
  30, 700 
  30, 750 
 1,525 
 1,357 
 1,441 
 
 
  30, 750 
  30, 800 
 1,528 
 1,360 
 1,444 
 
 
  30, 800 
  30, 850 
 1,531 
 1,363 
 1,447 
 
 
  30, 850 
  30, 900 
 1,534 
 1,366 
 1,450 
 
 
  30, 900 
  30, 950 
 1,536 
 1,368 
 1,452 
 
 
  30, 950 
 31,000 
 1,539 
 1,371 
 1,455 
 
 
 31,000 
 Your New York State tax is: 
 
 
 31,000 
  31, 050 
 1,542 
 1,374 
 1,458 
 
 
  31, 050 
  31, 100 
 1,545 
 1,377 
 1,461 
 
 
  31, 100 
  31, 150 
 1,547 
 1,379 
 1,463 
 
 
  31, 150 
  31, 200 
 1,550 
 1,382 
 1,466 
 
 
  31, 200 
  31, 250 
 1,553 
 1,385 
 1,469 
 
 
  31, 250 
  31, 300 
 1,556 
 1,388 
 1,472 
 
 
  31, 300 
  31, 350 
 1,558 
 1,390 
 1,474 
 
 
  31, 350 
  31, 400 
 1,561 
 1,393 
 1,477 
 
 
  31, 400 
  31, 450 
 1,564 
 1,396 
 1,480 
 
 
  31, 450 
  31, 500 
 1,567 
 1,399 
 1,483 
 
 
  31, 500 
  31, 550 
 1,569 
 1,401 
 1,485 
 
 
  31, 550 
  31, 600 
 1,572 
 1,404 
 1,488 
 
 
  31, 600 
  31, 650 
 1,575 
 1,407 
 1,491 
 
 
  31, 650 
  31, 700 
 1,578 
 1,410 
 1,494 
 
 
  31, 700 
  31, 750 
 1,580 
 1,412 
 1,496 
 
 
  31, 750 
  31, 800 
 1,583 
 1,415 
 1,499 
 
 
  31, 800 
  31, 850 
 1,586 
 1,418 
 1,502 
 
 
  31, 850 
  31, 900 
 1,589 
 1,421 
 1,505 
 
 
  31, 900 
  31, 950 
 1,591 
 1,423 
 1,507 
 
 
  31, 950 
 32,000 
 1,594 
 1,426 
 1,510 
 
 
 32,000 
 Your New York State tax is: 
 
 
 32,000 
  32, 050 
 1,597 
 1,429 
 1,513 
 
 
  32, 050 
  32, 100 
 1,600 
 1,432 
 1,516 
 
 
  32, 100 
  32, 150 
 1,602 
 1,434 
 1,518 
 
 
  32, 150 
  32, 200 
 1,605 
 1,437 
 1,521 
 
 
  32, 200 
  32, 250 
 1,608 
 1,440 
 1,524 
 
 
  32, 250 
  32, 300 
 1,611 
 1,443 
 1,527 
 
 
  32, 300 
  32, 350 
 1,613 
 1,445 
 1,529 
 
 
  32, 350 
  32, 400 
 1,616 
 1,448 
 1,532 
 
 
  32, 400 
  32, 450 
 1,619 
 1,451 
 1,535 
 
 
  32, 450 
  32, 500 
 1,622 
 1,454 
 1,538 
 
 
  32, 500 
  32, 550 
 1,624 
 1,456 
 1,540 
 
 
  32, 550 
  32, 600 
 1,627 
 1,459 
 1,543 
 
 
  32, 600 
  32, 650 
 1,630 
 1,462 
 1,546 
 
 
  32, 650 
  32, 700 
 1,633 
 1,465 
 1,549 
 
 
  32, 700 
  32, 750 
 1,635 
 1,467 
 1,551 
 
 
  32, 750 
  32, 800 
 1,638 
 1,470 
 1,554 
 
 
  32, 800 
  32, 850 
 1,641 
 1,473 
 1,557 
 
 
  32, 850 
  32, 900 
 1,644 
 1,476 
 1,560 
 
 
  32, 900 
  32, 950 
 1,646 
 1,478 
 1,562 
 
 
  32, 950 
 33,000 
 1,649 
 1,481 
 1,565 
 
 
 
						
												
					 
					
				  
				
				
				  
					
					
					
					 
						
						  New York State Tax Table     
 
 
 If your  taxable  income is: 
 And you are: 
 
 
 At  least 
 But less  than 
 Single  or  Married  filing  separately 
 Married filing jointly* 
 Head  of a household 
 
 
 33,000 
 Your New York State tax is: 
 
 
 33,000 
  33, 050 
 1,652 
 1,484 
 1,568 
 
 
  33, 050 
  33, 100 
  1,655  
  1,487  
  1,571  
 
 
  33, 100 
  33, 150 
  1,657  
  1,489  
  1,573  
 
 
  33, 150 
  33, 200 
  1,660  
  1,492  
  1,576  
 
 
  33, 200 
  33, 250 
  1,663  
  1,495  
  1,579  
 
 
  33, 250 
  33, 300 
  1,666  
  1,498  
  1,582  
 
 
  33, 300 
  33, 350 
  1,668  
  1,500  
  1,584  
 
 
  33, 350 
  33, 400 
  1,671  
  1,503  
  1,587  
 
 
  33, 400 
  33, 450 
  1,674  
  1,506  
  1,590  
 
 
  33, 450 
  33, 500 
  1,677  
  1,509  
  1,593  
 
 
  33, 500 
  33, 550 
  1,679  
  1,511  
  1,595  
 
 
  33, 550 
  33, 600 
  1,682  
  1,514  
  1,598  
 
 
  33, 600 
  33, 650 
  1,685  
  1,517  
  1,601  
 
 
  33, 650 
  33, 700 
  1,688  
  1,520  
  1,604  
 
 
  33, 700 
  33, 750 
  1,690  
  1,522  
  1,606  
 
 
  33, 750 
  33, 800 
  1,693  
  1,525  
  1,609  
 
 
  33, 800 
  33, 850 
  1,696  
  1,528  
  1,612  
 
 
  33, 850 
  33, 900 
  1,699  
  1,531  
  1,615  
 
 
  33, 900 
  33, 950 
  1,701  
  1,533  
  1,617  
 
 
  33, 950 
 34,000 
  1,  704  
  1,536  
  1,620  
 
 
 34,000 
 Your New York State tax is: 
 
 
 34,000 
  34, 050 
  1,  707  
  1,539  
  1,623  
 
 
  34, 050 
  34, 100 
  1,  710  
  1,542  
  1,626  
 
 
  34, 100 
  34, 150 
  1,712  
  1,544  
  1,628  
 
 
  34, 150 
  34, 200 
  1,715  
  1,547  
  1,631  
 
 
  34, 200 
  34, 250 
  1,718  
  1,550  
  1,634  
 
 
  34, 250 
  34, 300 
  1,721  
  1,553  
  1,637  
 
 
  34, 300 
  34, 350 
  1,723  
  1,555  
  1,639  
 
 
  34, 350 
  34, 400 
  1,726  
  1,558  
  1,642  
 
 
  34, 400 
  34, 450 
  1,729  
  1,561  
  1,645  
 
 
  34, 450 
  34, 500 
  1,732  
  1,564  
  1,648  
 
 
  34, 500 
  34, 550 
  1,734  
  1,566  
  1,650  
 
 
  34, 550 
  34, 600 
  1,737  
  1,569  
  1,653  
 
 
  34, 600 
  34, 650 
  1,740  
  1,572  
  1,656  
 
 
  34, 650 
  34, 700 
  1,743  
  1,575  
  1,659  
 
 
  34, 700 
  34, 750 
  1,745  
  1,577  
  1,661  
 
 
  34, 750 
  34, 800 
  1,748  
  1,580  
  1,664  
 
 
  34, 800 
  34, 850 
  1,751  
  1,583  
  1,667  
 
 
  34, 850 
  34, 900 
  1,754  
  1,586  
  1,670  
 
 
  34, 900 
  34, 950 
  1,756  
  1,588  
  1,672  
 
 
  34, 950 
 35,000 
  1,759  
  1,591  
  1,675  
 
 
 35,000 
 Your New York State tax is: 
 
 
 35,000 
  35, 050 
  1,762  
  1,594  
  1,678  
 
 
  35, 050 
  35, 100 
  1,765  
  1,597  
  1,681  
 
 
  35, 100 
  35, 150 
  1,767  
  1,599  
  1,683  
 
 
  35, 150 
  35, 200 
  1,770  
  1,602  
  1,686  
 
 
  35, 200 
  35, 250 
  1,773  
  1,605  
  1,689  
 
 
  35, 250 
  35, 300 
  1,776  
  1,608  
  1,692  
 
 
  35, 300 
  35, 350 
  1,778  
  1,610  
  1,694  
 
 
  35, 350 
  35, 400 
  1,781  
  1,613  
  1,697  
 
 
  35, 400 
  35, 450 
  1,784  
  1,616  
  1,700  
 
 
  35, 450 
  35, 500 
  1,787  
  1,619  
  1,703  
 
 
  35, 500 
  35, 550 
  1,789  
  1,621  
  1,705  
 
 
  35, 550 
  35, 600 
  1,792  
  1,624  
  1,708  
 
 
  35, 600 
  35, 650 
  1,795  
  1,627  
  1,711  
 
 
  35, 650 
  35, 700 
  1,798  
  1,630  
  1,714  
 
 
  35, 700 
  35, 750 
  1,800  
  1,632  
  1,716  
 
 
  35, 750 
  35, 800 
  1,803  
  1,635  
  1,719  
 
 
  35, 800 
  35, 850 
  1,806  
  1,638  
  1,722  
 
 
  35, 850 
  35, 900 
  1,809  
  1,641  
  1,725  
 
 
  35, 900 
  35, 950 
  1,811  
  1,643  
  1,727  
 
 
  35, 950 
 36,000 
  1,814  
  1,646  
  1,730  
 
 
 
 *This column must also be used by a qualifying surviving spouse 
 $42,000—$50,999 
						
												
					 
					
					
					 
						
						  New York State Tax Table     
 
 
 If your  taxable  income is: 
 And you are: 
 
 
 At  least 
 But less  than 
 Single  or  Married  filing  separately 
 Married filing jointly* 
 Head  of a household 
 
 
 36,000 
 Your New York State tax is: 
 
 
 36,000 
  36, 050 
 1,817 
 1,649 
 1,733 
 
 
  36, 050 
  36, 100 
  1,820  
  1,652  
 1,736 
 
 
  36, 100 
  36, 150 
  1,822  
  1,654  
 1,738 
 
 
  36, 150 
  36, 200 
  1,825  
  1,657  
  1,741  
 
 
  36, 200 
  36, 250 
  1,828  
  1,660  
  1,744  
 
 
  36, 250 
  36, 300 
  1,831  
  1,663  
  1,747  
 
 
  36, 300 
  36, 350 
  1,833  
  1,665  
  1,749  
 
 
  36, 350 
  36, 400 
  1,836  
  1,668  
  1,752  
 
 
  36, 400 
  36, 450 
  1,839  
  1,671  
  1,755  
 
 
  36, 450 
  36, 500 
  1,842  
  1,674  
  1,758  
 
 
  36, 500 
  36, 550 
  1,844  
  1,676  
  1,760  
 
 
  36, 550 
  36, 600 
  1,847  
  1,679  
  1,763  
 
 
  36, 600 
  36, 650 
  1,850  
  1,682  
  1,766  
 
 
  36, 650 
  36, 700 
  1,853  
  1,685  
  1,769  
 
 
  36, 700 
  36, 750 
  1,855  
  1,687  
  1,771  
 
 
  36, 750 
  36, 800 
  1,858  
  1,690  
  1,774  
 
 
  36, 800 
  36, 850 
  1,861  
  1,693  
  1,777  
 
 
  36, 850 
  36, 900 
  1,864  
  1,696  
  1,780  
 
 
  36, 900 
  36, 950 
  1,866  
  1,698  
  1,782  
 
 
  36, 950 
 37,000 
  1,869  
  1,701  
  1,785  
 
 
 37,000 
 Your New York State tax is: 
 
 
 37,000 
  37, 050 
 1,872 
 1,704 
 1,788 
 
 
  37, 050 
  37, 100 
  1,875  
  1,707  
  1,791  
 
 
  37, 100 
  37, 150 
  1,877  
  1,709  
  1,793  
 
 
  37, 150 
  37, 200 
  1,880  
  1,712  
  1,796  
 
 
  37, 200 
  37, 250 
  1,883  
  1,715  
  1,799  
 
 
  37, 250 
  37, 300 
  1,886  
  1,718  
  1,802  
 
 
  37, 300 
  37, 350 
  1,888  
  1,720  
  1,804  
 
 
  37, 350 
  37, 400 
  1,891  
  1,723  
  1,807  
 
 
  37, 400 
  37, 450 
  1,894  
  1,726  
  1,810  
 
 
  37, 450 
  37, 500 
 1,897 
  1,729  
  1,813  
 
 
  37, 500 
  37, 550 
 1,899 
  1,731  
  1,815  
 
 
  37, 550 
  37, 600 
 1,902 
  1,734  
  1,818  
 
 
  37, 600 
  37, 650 
 1,905 
  1,737  
  1,821  
 
 
  37, 650 
  37, 700 
 1,908 
  1,740  
  1,824  
 
 
  37, 700 
  37, 750 
 1,910 
  1,742  
  1,826  
 
 
  37, 750 
  37, 800 
 1,913 
  1,745  
  1,829  
 
 
  37, 800 
  37, 850 
  1,916  
  1,748  
  1,832  
 
 
  37, 850 
  37, 900 
  1,919  
  1,751  
  1,835  
 
 
  37, 900 
  37, 950 
  1,921  
  1,753  
  1,837  
 
 
  37, 950 
 38,000 
  1,924  
  1,756  
  1,840  
 
 
 38,000 
 Your New York State tax is: 
 
 
 38,000 
  38, 050 
  1,927  
 1,759 
 1,843 
 
 
  38, 050 
  38, 100 
  1,930  
 1,762 
 1,846 
 
 
  38, 100 
  38, 150 
  1,932  
  1,764  
 1,848 
 
 
  38, 150 
  38, 200 
  1,935  
  1,767  
  1,851  
 
 
  38, 200 
  38, 250 
  1,938  
  1,770  
  1,854  
 
 
  38, 250 
  38, 300 
  1,941  
  1,773  
  1,857  
 
 
  38, 300 
  38, 350 
  1,943  
  1,775  
  1,859  
 
 
  38, 350 
  38, 400 
  1,946  
  1,778  
  1,862  
 
 
  38, 400 
  38, 450 
  1,949  
  1,781  
  1,865  
 
 
  38, 450 
  38, 500 
  1,952  
  1,784  
  1,868  
 
 
  38, 500 
  38, 550 
  1,954  
  1,786  
  1,870  
 
 
  38, 550 
  38, 600 
  1,957  
  1,789  
  1,873  
 
 
  38, 600 
  38, 650 
  1,960  
  1,792  
  1,876  
 
 
  38, 650 
  38, 700 
  1,963  
  1,795  
  1,879  
 
 
  38, 700 
  38, 750 
  1,965  
  1,797  
  1,881  
 
 
  38, 750 
  38, 800 
  1,968  
  1,800  
  1,884  
 
 
  38, 800 
  38, 850 
  1,971  
  1,803  
  1,887  
 
 
  38, 850 
  38, 900 
  1,974  
  1,806  
  1,890  
 
 
  38, 900 
  38, 950 
  1,976  
  1,808  
  1,892  
 
 
  38, 950 
 39,000 
  1,979  
  1,811  
  1,895  
 
 
 
						
												
					 
					
					
					 
						
						  New York State Tax Table     
 
 
 If your  taxable  income is: 
 And you are: 
 
 
 At  least 
 But less  than 
 Single  or  Married  filing  separately 
 Married filing jointly* 
 Head  of a household 
 
 
 39,000 
 Your New York State tax is: 
 
 
 39,000 
  39, 050 
 1,982 
 1,814 
 1,898 
 
 
  39, 050 
  39, 100 
  1,985  
  1,817  
 1,901 
 
 
  39, 100 
  39, 150 
  1,987  
  1,819  
  1,903  
 
 
  39, 150 
  39, 200 
  1,990  
  1,822  
  1,906  
 
 
  39, 200 
  39, 250 
  1,993  
  1,825  
  1,909  
 
 
  39, 250 
  39, 300 
  1,996  
  1,828  
  1,912  
 
 
  39, 300 
  39, 350 
  1,998  
  1,830  
  1,914  
 
 
  39, 350 
  39, 400 
  2,001  
  1,833  
  1,917  
 
 
  39, 400 
  39, 450 
  2,004  
  1,836  
  1,920  
 
 
  39, 450 
  39, 500 
  2,007  
  1,839  
 1,923 
 
 
  39, 500 
  39, 550 
  2,009  
  1,841  
  1,925  
 
 
  39, 550 
  39, 600 
  2,012  
  1,844  
  1,928  
 
 
  39, 600 
  39, 650 
  2,015  
  1,847  
  1,931  
 
 
  39, 650 
  39, 700 
  2,018  
  1,850  
  1,934  
 
 
  39, 700 
  39, 750 
  2,020  
  1,852  
  1,936  
 
 
  39, 750 
  39, 800 
  2,023  
  1,855  
  1,939  
 
 
  39, 800 
  39, 850 
  2,026  
  1,858  
  1,942  
 
 
  39, 850 
  39, 900 
  2,029  
  1,861  
  1,945  
 
 
  39, 900 
  39, 950 
  2,031  
  1,863  
  1,947  
 
 
  39, 950 
 40,000 
  2,034  
  1,866  
  1,950  
 
 
 40,000 
 Your New York State tax is: 
 
 
 40,000 
  40, 050 
  2,037  
  1,869  
  1,953  
 
 
  40, 050 
  40, 100 
  2,040  
  1,872  
  1,956  
 
 
  40, 100 
  40, 150 
  2,042  
  1,874  
  1,958  
 
 
  40, 150 
  40, 200 
  2,045  
  1,877  
  1,961  
 
 
  40, 200 
  40, 250 
  2,048  
  1,880  
  1,964  
 
 
  40, 250 
  40, 300 
  2,051  
  1,883  
  1,967  
 
 
  40, 300 
  40, 350 
  2,053  
  1,885  
  1,969  
 
 
  40, 350 
  40, 400 
  2,056  
  1,888  
  1,972  
 
 
  40, 400 
  40, 450 
  2,059  
  1,891  
  1,975  
 
 
  40, 450 
  40, 500 
  2,062  
  1,894  
  1,978  
 
 
  40, 500 
  40, 550 
  2,064  
  1,896  
  1,980  
 
 
  40, 550 
  40, 600 
  2,067  
  1,899  
  1,983  
 
 
  40, 600 
  40, 650 
  2,070  
  1,902  
  1,986  
 
 
  40, 650 
  40, 700 
  2,073  
  1,905  
  1,989  
 
 
  40, 700 
  40, 750 
  2,075  
  1,907  
  1,991  
 
 
  40, 750 
  40, 800 
  2,078  
  1,910  
  1,994  
 
 
  40, 800 
  40, 850 
  2,081  
  1,913  
  1,997  
 
 
  40, 850 
  40, 900 
  2,084  
  1,916  
  2,000  
 
 
  40, 900 
  40, 950 
  2,086  
  1,918  
  2,002  
 
 
  40, 950 
 41,000 
  2,089  
  1,921  
  2,005  
 
 
 41,000 
 Your New York State tax is: 
 
 
 41,000 
  41, 050 
  2,092  
 1,924 
  2,008  
 
 
  41, 050 
  41, 100 
  2,095  
  1,927  
  2,011  
 
 
  41, 100 
  41, 150 
  2,097  
  1,929  
  2,013  
 
 
  41, 150 
  41, 200 
  2,100  
  1,932  
  2,016  
 
 
  41, 200 
  41, 250 
  2,103  
  1,935  
  2,019  
 
 
  41, 250 
  41, 300 
  2,106  
  1,938  
  2,022  
 
 
  41, 300 
  41, 350 
  2,108  
  1,940  
  2,024  
 
 
  41, 350 
  41, 400 
  2,111  
  1,943  
  2,027  
 
 
  41, 400 
  41, 450 
  2,114  
 1,946 
  2,030  
 
 
  41, 450 
  41, 500 
  2,117  
  1,949  
  2,033  
 
 
  41, 500 
  41, 550 
  2,119  
  1,951  
  2,035  
 
 
  41, 550 
  41, 600 
  2,122  
  1,954  
  2,038  
 
 
  41, 600 
  41, 650 
  2,125  
  1,957  
  2,041  
 
 
  41, 650 
  41, 700 
  2,128  
  1,960  
  2,044  
 
 
  41, 700 
  41, 750 
  2,130  
  1,962  
  2,046  
 
 
  41, 750 
  41, 800 
  2,133  
  1,965  
  2,049  
 
 
  41, 800 
  41, 850 
  2,136  
  1,968  
  2,052  
 
 
  41, 850 
  41, 900 
  2,139  
  1,971  
  2,055  
 
 
  41, 900 
  41, 950 
  2,141  
  1,973  
  2,057  
 
 
  41, 950 
 42,000 
  2,144  
  1,976  
  2,060  
 
 
 
						
												
					 
					
				  
				
				
				  
					
					
					
					 
						
						  New York State Tax Table     
 
 
 If your  taxable  income is: 
 And you are: 
 
 
 At  least 
 But less  than 
 Single  or  Married  filing  separately 
 Married filing jointly* 
 Head  of a household 
 
 
 42,000 
 Your New York State tax is: 
 
 
 42,000 
  42, 050 
 2,147 
 1,979 
 2,063 
 
 
  42, 050 
  42, 100 
  2,150  
  1,982  
  2,066  
 
 
  42, 100 
  42, 150 
  2,152  
  1,984  
  2,068  
 
 
  42, 150 
  42, 200 
  2,155  
  1,987  
  2,071  
 
 
  42, 200 
  42, 250 
  2,158  
  1,990  
  2,074  
 
 
  42, 250 
  42, 300 
  2,161  
  1,993  
  2,077  
 
 
  42, 300 
  42, 350 
  2,163  
  1,995  
  2,079  
 
 
  42, 350 
  42, 400 
  2,166  
  1,998  
  2,082  
 
 
  42, 400 
  42, 450 
  2,169  
  2,001  
  2,085  
 
 
  42, 450 
  42, 500 
  2,172  
  2,004  
  2,088  
 
 
  42, 500 
  42, 550 
  2,174  
  2,006  
  2,090  
 
 
  42, 550 
  42, 600 
  2,177  
  2,009  
  2,093  
 
 
  42, 600 
  42, 650 
  2,180  
  2,012  
  2,096  
 
 
  42, 650 
  42, 700 
  2,183  
  2,015  
  2,099  
 
 
  42, 700 
  42, 750 
  2,185  
  2,017  
  2,101  
 
 
  42, 750 
  42, 800 
  2,188  
  2,020  
  2,104  
 
 
  42, 800 
  42, 850 
  2,191  
  2,023  
  2,107  
 
 
  42, 850 
  42, 900 
  2,194  
  2,026  
  2,110  
 
 
  42, 900 
  42, 950 
  2,196  
  2,028  
  2,112  
 
 
  42, 950 
 43,000 
  2,199  
  2,031  
  2,115  
 
 
 43,000 
 Your New York State tax is: 
 
 
 43,000 
  43, 050 
  2,202  
  2,034  
  2,118  
 
 
  43, 050 
  43, 100 
  2,205  
  2,037  
  2,121  
 
 
  43, 100 
  43, 150 
  2,207  
 2,039 
  2,123  
 
 
  43, 150 
  43, 200 
  2,210  
  2,042  
  2,126  
 
 
  43, 200 
  43, 250 
  2,213  
  2,045  
  2,129  
 
 
  43, 250 
  43, 300 
  2,216  
  2,048  
  2,132  
 
 
  43, 300 
  43, 350 
  2,218  
  2,050  
  2,134  
 
 
  43, 350 
  43, 400 
  2,221  
  2,053  
  2,137  
 
 
  43, 400 
  43, 450 
  2,224  
  2,056  
  2,140  
 
 
  43, 450 
  43, 500 
  2,227  
  2,059  
  2,143  
 
 
  43, 500 
  43, 550 
  2,229  
  2,061  
  2,145  
 
 
  43, 550 
  43, 600 
  2,232  
  2,064  
  2,148  
 
 
  43, 600 
  43, 650 
  2,235  
  2,067  
  2,151  
 
 
  43, 650 
  43, 700 
  2,238  
  2,070  
  2,154  
 
 
  43, 700 
  43, 750 
  2,240  
  2,072  
  2,156  
 
 
  43, 750 
  43, 800 
  2,243  
  2,075  
  2,159  
 
 
  43, 800 
  43, 850 
  2,246  
  2,078  
  2,162  
 
 
  43, 850 
  43, 900 
  2,249  
  2,081  
  2,165  
 
 
  43, 900 
  43, 950 
  2,251  
  2,083  
  2,167  
 
 
  43, 950 
 44,000 
  2,254  
  2,086  
  2,170  
 
 
 44,000 
 Your New York State tax is: 
 
 
 44,000 
  44, 050 
  2,257  
  2,089  
  2,173  
 
 
  44, 050 
  44, 100 
  2,260  
  2,092  
  2,176  
 
 
  44, 100 
  44, 150 
  2,262  
  2,094  
  2,178  
 
 
  44, 150 
  44, 200 
  2,265  
  2,097  
  2,181  
 
 
  44, 200 
  44, 250 
  2,268  
  2,100  
  2,184  
 
 
  44, 250 
  44, 300 
  2,271  
  2,103  
  2,187  
 
 
  44, 300 
  44, 350 
  2,273  
  2,105  
  2,189  
 
 
  44, 350 
  44, 400 
  2,276  
  2,108  
  2,192  
 
 
  44, 400 
  44, 450 
  2,279  
  2,111  
  2,195  
 
 
  44, 450 
  44, 500 
  2,282  
  2,114  
  2,198  
 
 
  44, 500 
  44, 550 
  2,284  
  2,116  
  2,200  
 
 
  44, 550 
  44, 600 
  2,287  
  2,119  
  2,203  
 
 
  44, 600 
  44, 650 
  2,290  
  2,122  
  2,206  
 
 
  44, 650 
  44, 700 
  2,293  
  2,125  
  2,209  
 
 
  44, 700 
  44, 750 
  2,295  
  2,127  
  2,211  
 
 
  44, 750 
  44, 800 
  2,298  
  2,130  
  2,214  
 
 
  44, 800 
  44, 850 
  2,301  
  2,133  
  2,217  
 
 
  44, 850 
  44, 900 
  2,304  
  2,136  
  2,220  
 
 
  44, 900 
  44, 950 
  2,306  
  2,138  
  2,222  
 
 
  44, 950 
 45,000 
  2,309  
  2,141  
  2,225  
 
 
 
 *This column must also be used by a qualifying surviving spouse 
 $51,000—$59,999 
						
												
					 
					
					
					 
						
						  New York State Tax Table     
 
 
 If your  taxable  income is: 
 And you are: 
 
 
 At  least 
 But less  than 
 Single  or  Married  filing  separately 
 Married filing jointly* 
 Head  of a household 
 
 
 45,000 
 Your New York State tax is: 
 
 
 45,000 
  45, 050 
 2,312 
 2,144 
 2,228 
 
 
  45, 050 
  45, 100 
  2,315  
  2,147  
  2,231  
 
 
  45, 100 
  45, 150 
  2,317  
  2,149  
  2,233  
 
 
  45, 150 
  45, 200 
  2,320  
  2,152  
  2,236  
 
 
  45, 200 
  45, 250 
  2,323  
  2,155  
  2,239  
 
 
  45, 250 
  45, 300 
  2,326  
  2,158  
  2,242  
 
 
  45, 300 
  45, 350 
  2,328  
  2,160  
  2,244  
 
 
  45, 350 
  45, 400 
  2,331  
  2,163  
  2,247  
 
 
  45, 400 
  45, 450 
  2,334  
  2,166  
  2,250  
 
 
  45, 450 
  45, 500 
  2,337  
  2,169  
  2,253  
 
 
  45, 500 
  45, 550 
  2,339  
  2,171  
  2,255  
 
 
  45, 550 
  45, 600 
  2,342  
  2,174  
  2,258  
 
 
  45, 600 
  45, 650 
  2,345  
  2,177  
  2,261  
 
 
  45,650  
  45,700  
  2,348  
  2,180  
  2,264  
 
 
  45, 700 
  45, 750 
  2,350  
  2,182  
  2,266  
 
 
  45, 750 
  45, 800 
  2,353  
  2,185  
  2,269  
 
 
  45, 800 
  45, 850 
  2,356  
  2,188  
  2,272  
 
 
  45, 850 
  45, 900 
  2,359  
  2,191  
  2,275  
 
 
  45, 900 
  45, 950 
  2,361  
  2,193  
  2,277  
 
 
  45, 950 
 46,000 
  2,364  
  2,196  
  2,280  
 
 
 46,000 
 Your New York State tax is: 
 
 
 46,000 
  46, 050 
  2,367  
  2,199  
  2,283  
 
 
  46, 050 
  46, 100 
  2,370  
  2,202  
  2,286  
 
 
  46, 100 
  46, 150 
  2,372  
  2,204  
  2,288  
 
 
  46, 150 
  46, 200 
  2,375  
  2,207  
  2,291  
 
 
  46, 200 
  46, 250 
  2,378  
  2,210  
  2,294  
 
 
  46, 250 
  46, 300 
  2,381  
  2,213  
  2,297  
 
 
  46, 300 
  46, 350 
  2,383  
  2,215  
  2,299  
 
 
  46, 350 
  46, 400 
  2,386  
  2,218  
  2,302  
 
 
  46, 400 
  46, 450 
  2,389  
  2,221  
  2,305  
 
 
  46, 450 
  46, 500 
  2,392  
  2,224  
  2,308  
 
 
  46, 500 
  46, 550 
  2,394  
  2,226  
  2,310  
 
 
  46, 550 
  46, 600 
  2,397  
  2,229  
  2,313  
 
 
  46, 600 
  46, 650 
  2,400  
  2,232  
  2,316  
 
 
  46, 650 
  46, 700 
  2,403  
  2,235  
  2,319  
 
 
  46, 700 
  46, 750 
  2,405  
  2,237  
  2,321  
 
 
  46, 750 
  46, 800 
  2,408  
  2,240  
  2,324  
 
 
  46, 800 
  46, 850 
  2,411  
  2,243  
  2,327  
 
 
  46, 850 
  46, 900 
  2,414  
  2,246  
  2,330  
 
 
  46, 900 
  46, 950 
  2,416  
  2,248  
  2,332  
 
 
  46, 950 
 47,000 
  2,419  
  2,251  
  2,335  
 
 
 47,000 
 Your New York State tax is: 
 
 
 47,000 
  47, 050 
  2,422  
  2,254  
  2,338  
 
 
  47, 050 
  47, 100 
  2,425  
  2,257  
  2,341  
 
 
  47, 100 
  47, 150 
  2,427  
  2,259  
  2,343  
 
 
  47, 150 
  47, 200 
  2,430  
  2,262  
  2,346  
 
 
  47, 200 
  47, 250 
  2,433  
  2,265  
  2,349  
 
 
  47, 250 
  47, 300 
  2,436  
  2,268  
  2,352  
 
 
  47, 300 
  47, 350 
  2,438  
  2,270  
  2,354  
 
 
  47, 350 
  47, 400 
  2,441  
  2,273  
  2,357  
 
 
  47, 400 
  47, 450 
  2,444  
  2,276  
  2,360  
 
 
  47, 450 
  47, 500 
  2,447  
  2,279  
  2,363  
 
 
  47, 500 
  47, 550 
  2,449  
  2,281  
  2,365  
 
 
  47, 550 
  47, 600 
  2,452  
  2,284  
  2,368  
 
 
  47, 600 
  47, 650 
  2,455  
  2,287  
  2,371  
 
 
  47, 650 
  47, 700 
  2,458  
  2,290  
  2,374  
 
 
  47, 700 
  47, 750 
  2,460  
  2,292  
  2,376  
 
 
  47, 750 
  47, 800 
  2,463  
  2,295  
  2,379  
 
 
  47, 800 
  47, 850 
  2,466  
  2,298  
  2,382  
 
 
  47, 850 
  47, 900 
  2,469  
  2,301  
  2,385  
 
 
  47, 900 
  47, 950 
  2,471  
  2,303  
  2,387  
 
 
  47, 950 
 48,000 
  2,474  
  2,306  
  2,390  
 
 
 
						
												
					 
					
					
					 
						
						  New York State Tax Table     
 
 
 If your  taxable  income is: 
 And you are: 
 
 
 At  least 
 But less  than 
 Single  or  Married  filing  separately 
 Married filing jointly* 
 Head  of a household 
 
 
 48,000 
 Your New York State tax is: 
 
 
 48,000 
  48, 050 
 2,477 
 2,309 
 2,393 
 
 
  48, 050 
  48, 100 
  2,480  
  2,312  
  2,396  
 
 
  48, 100 
  48, 150 
  2,482  
  2,314  
  2,398  
 
 
  48, 150 
  48, 200 
  2,485  
  2,317  
  2,401  
 
 
  48, 200 
  48, 250 
  2,488  
  2,320  
  2,404  
 
 
  48, 250 
  48, 300 
  2,491  
  2,323  
  2,407  
 
 
  48, 300 
  48, 350 
  2,493  
  2,325  
  2,409  
 
 
  48, 350 
  48, 400 
  2,496  
  2,328  
  2,412  
 
 
  48, 400 
  48, 450 
  2,499  
  2,331  
  2,415  
 
 
  48, 450 
  48, 500 
  2,502  
  2,334  
  2,418  
 
 
  48, 500 
  48, 550 
  2,504  
  2,336  
  2,420  
 
 
  48, 550 
  48, 600 
  2,507  
  2,339  
  2,423  
 
 
  48, 600 
  48, 650 
  2,510  
  2,342  
  2,426  
 
 
  48,650  
  48,700  
  2,513  
  2,345  
  2,429  
 
 
  48, 700 
  48, 750 
  2,515  
  2,347  
  2,431  
 
 
  48, 750 
  48, 800 
  2,518  
  2,350  
  2,434  
 
 
  48, 800 
  48, 850 
  2,521  
  2,353  
  2,437  
 
 
  48, 850 
  48, 900 
  2,524  
  2,356  
  2,440  
 
 
  48, 900 
  48, 950 
  2,526  
  2,358  
  2,442  
 
 
  48, 950 
 49,000 
  2,529  
  2,361  
  2,445  
 
 
 49,000 
 Your New York State tax is: 
 
 
 49,000 
  49, 050 
  2,532  
  2364  
  2,448  
 
 
  49, 050 
  49, 100 
  2,535  
  2,367  
  2,451  
 
 
  49, 100 
  49, 150 
  2,537  
  2,369  
  2,453  
 
 
  49, 150 
  49, 200 
  2,540  
  2,372  
  2,456  
 
 
  49, 200 
  49, 250 
  2,543  
  2,375  
  2,459  
 
 
  49, 250 
  49, 300 
  2,546  
  2,378  
  2,462  
 
 
  49, 300 
  49, 350 
  2,548  
  2,380  
  2,464  
 
 
  49, 350 
  49, 400 
  2,551  
  2,383  
  2,467  
 
 
  49, 400 
  49, 450 
  2,554  
  2,386  
  2,470  
 
 
  49, 450 
  49, 500 
  2,557  
  2,389  
  2,473  
 
 
  49, 500 
  49, 550 
  2,559  
  2,391  
  2,475  
 
 
  49, 550 
  49, 600 
  2,562  
  2,394  
  2,478  
 
 
  49, 600 
  49, 650 
  2,565  
  2,397  
  2,481  
 
 
  49, 650 
  49, 700 
  2,568  
  2,400  
  2,484  
 
 
  49, 700 
  49, 750 
  2,570  
  2,402  
  2,486  
 
 
  49, 750 
  49, 800 
  2,573  
  2,405  
  2,489  
 
 
  49, 800 
  49, 850 
  2,576  
  2,408  
  2,492  
 
 
  49, 850 
  49, 900 
  2,579  
  2,411  
  2,495  
 
 
  49, 900 
  49, 950 
  2,581  
  2,413  
  2,497  
 
 
  49, 950 
 50,000 
  2,584  
  2,416  
  2,500  
 
 
 50,000 
 Your New York State tax is: 
 
 
 50,000 
  50, 050 
 2,587 
 2,419 
 2,503 
 
 
  50, 050 
  50, 100 
  2,590  
  2,422  
  2,506  
 
 
  50, 100 
  50, 150 
  2,592  
  2,424  
  2,508  
 
 
  50, 150 
  50, 200 
  2,595  
  2,427  
  2,511  
 
 
  50, 200 
  50, 250 
  2,598  
  2,430  
  2,514  
 
 
  50, 250 
  50, 300 
  2,601  
  2,433  
  2,517  
 
 
  50, 300 
  50, 350 
  2,603  
  2,435  
  2,519  
 
 
  50, 350 
  50, 400 
  2,606  
  2,438  
  2,522  
 
 
  50, 400 
  50, 450 
  2,609  
  2,441  
  2,525  
 
 
  50, 450 
  50, 500 
  2,612  
  2,444  
  2,528  
 
 
  50, 500 
  50, 550 
  2,614  
  2,446  
  2,530  
 
 
  50, 550 
  50, 600 
  2,617  
  2,449  
  2,533  
 
 
  50, 600 
  50, 650 
  2,620  
  2,452  
  2,536  
 
 
  50, 650 
  50, 700 
  2,623  
  2,455  
  2,539  
 
 
  50, 700 
  50, 750 
  2,625  
  2,457  
  2,541  
 
 
  50, 750 
 50,800 
  2,628  
  2,460  
  2,544  
 
 
  50, 800 
  50, 850 
  2,631  
  2,463  
  2,547  
 
 
  50, 850 
  50, 900 
  2,634  
  2,466  
  2,550  
 
 
  50, 900 
  50, 950 
  2,636  
  2,468  
  2,552  
 
 
  50, 950 
 51,000 
  2,639  
  2,471  
  2,555  
 
 
 
						
												
					 
					
				  
				
				
				  
					
					
					
					 
						
						  New York State Tax Table     
 
 
 If your  taxable  income is: 
 And you are: 
 
 
 At  least 
 But less  than 
 Single  or  Married  filing  separately 
 Married filing jointly* 
 Head  of a household 
 
 
 51,000 
 Your New York State tax is: 
 
 
 51,000 
  51, 050 
 2,642 
 2,474 
 2,558 
 
 
  51, 050 
  51, 100 
  2,645  
  2,477  
  2,561  
 
 
  51, 100 
  51, 150 
  2,647  
  2,479  
  2,563  
 
 
  51, 150 
  51, 200 
  2,650  
  2,482  
  2,566  
 
 
  51, 200 
  51, 250 
  2,653  
  2,485  
  2,569  
 
 
  51, 250 
  51, 300 
  2,656  
  2,488  
  2,572  
 
 
  51, 300 
  51, 350 
  2,658  
  2,490  
  2,574  
 
 
  51, 350 
  51, 400 
  2,661  
  2,493  
  2,577  
 
 
  51, 400 
  51, 450 
  2,664  
  2,496  
  2,580  
 
 
  51, 450 
  51, 500 
  2,667  
  2,499  
  2,583  
 
 
  51, 500 
  51, 550 
  2,669  
  2,501  
  2,585  
 
 
  51, 550 
  51, 600 
  2,672  
  2,504  
  2,588  
 
 
  51, 600 
  51, 650 
  2,675  
  2,507  
  2,591  
 
 
  51,650  
  51,700  
  2,678  
  2,510  
  2,594  
 
 
  51, 700 
  51, 750 
  2,680  
  2,512  
  2,596  
 
 
  51, 750 
  51, 800 
  2,683  
  2,515  
  2,599  
 
 
  51, 800 
  51, 850 
  2,686  
  2,518  
  2,602  
 
 
  51, 850 
  51, 900 
  2,689  
  2,521  
  2,605  
 
 
  51, 900 
  51, 950 
  2,691  
  2,523  
  2,607  
 
 
  51, 950 
 52,000 
  2,694  
  2,526  
  2,610  
 
 
 52,000 
 Your New York State tax is: 
 
 
 52,000 
  52, 050 
  2,697  
  2,529  
  2,613  
 
 
  52, 050 
  52, 100 
  2,700  
  2,532  
  2,616  
 
 
  52, 100 
  52, 150 
  2,702  
  2,534  
  2,618  
 
 
  52, 150 
  52, 200 
  2,705  
  2,537  
  2,621  
 
 
  52, 200 
  52, 250 
  2,708  
  2,540  
  2,624  
 
 
  52, 250 
  52, 300 
  2,711  
  2,543  
  2,627  
 
 
  52, 300 
  52, 350 
  2,713  
  2,545  
  2,629  
 
 
  52, 350 
  52, 400 
  2,716  
  2,548  
  2,632  
 
 
  52, 400 
  52, 450 
  2,719  
  2,551  
  2,635  
 
 
  52, 450 
  52, 500 
  2,722  
  2,554  
  2,638  
 
 
  52, 500 
  52, 550 
  2,724  
  2,556  
  2,640  
 
 
  52, 550 
  52, 600 
  2,727  
  2,559  
  2,643  
 
 
  52, 600 
  52, 650 
  2,730  
  2,562  
  2,646  
 
 
  52, 650 
  52, 700 
  2,733  
  2,565  
  2,649  
 
 
  52, 700 
  52, 750 
  2,735  
  2,567  
  2,651  
 
 
  52, 750 
  52, 800 
  2,738  
  2,570  
  2,654  
 
 
  52, 800 
  52, 850 
  2,741  
  2,573  
  2,657  
 
 
  52, 850 
  52, 900 
  2,744  
  2,576  
  2,660  
 
 
  52, 900 
  52, 950 
  2,746  
  2,578  
  2,662  
 
 
  52, 950 
 53,000 
  2,749  
  2,581  
  2,665  
 
 
 53,000 
 Your New York State tax is: 
 
 
 53,000 
  53, 050 
  2,752  
  2,584  
  2,668  
 
 
  53, 050 
  53, 100 
  2,755  
  2,587  
  2,671  
 
 
  53, 100 
  53, 150 
  2,757  
  2,589  
  2,673  
 
 
  53, 150 
  53, 200 
  2,760  
  2,592  
  2,676  
 
 
  53, 200 
  53, 250 
  2,763  
  2,595  
  2,679  
 
 
  53, 250 
  53, 300 
  2,766  
  2,598  
  2,682  
 
 
  53, 300 
  53, 350 
  2,768  
  2,600  
  2,684  
 
 
  53, 350 
  53, 400 
  2,771  
  2,603  
  2,687  
 
 
  53, 400 
  53, 450 
  2,774  
  2,606  
  2,690  
 
 
  53, 450 
  53, 500 
  2,777  
  2,609  
  2,693  
 
 
  53, 500 
  53, 550 
  2,779  
  2,611  
  2,695  
 
 
  53, 550 
  53, 600 
  2,782  
  2,614  
  2,698  
 
 
  53, 600 
  53, 650 
  2,785  
  2,617  
  2,701  
 
 
  53, 650 
  53, 700 
  2,788  
  2,620  
  2,704  
 
 
  53, 700 
  53, 750 
  2,790  
  2,622  
  2,706  
 
 
  53, 750 
 53,800 
  2,793  
  2,625  
  2,709  
 
 
  53, 800 
  53, 850 
  2,796  
  2,628  
  2,712  
 
 
  53, 850 
  53, 900 
  2,799  
  2,631  
  2,715  
 
 
  53, 900 
  53, 950 
  2,801  
  2,633  
  2,717  
 
 
  53, 950 
 54,000 
  2,804  
  2,636  
  2,720  
 
 
 
 *This column must also be used by a qualifying surviving spouse 
 $60,000+ 
						
												
					 
					
					
					 
						
						  New York State Tax Table     
 
 
 If your  taxable  income is: 
 And you are: 
 
 
 At  least 
 But less  than 
 Single  or  Married  filing  separately 
 Married filing jointly* 
 Head  of a household 
 
 
 54,000 
 Your New York State tax is: 
 
 
 54,000 
  54, 050 
 2,807 
 2,639 
 2,723 
 
 
  54, 050 
  54, 100 
  2,810  
  2,642  
  2,726  
 
 
  54, 100 
  54, 150 
  2,812  
  2,644  
  2,728  
 
 
  54, 150 
  54, 200 
  2,815  
  2,647  
  2,731  
 
 
  54, 200 
  54, 250 
 2,818 
  2,650  
  2,734  
 
 
  54, 250 
  54, 300 
  2,821  
  2,653  
  2,737  
 
 
  54, 300 
  54, 350 
 2,823 
  2,655  
  2,739  
 
 
  54, 350 
  54, 400 
  2,826  
  2,658  
  2,742  
 
 
  54, 400 
  54, 450 
  2,829  
  2,661  
  2,745  
 
 
  54, 450 
  54, 500 
  2,832  
  2,664  
  2,748  
 
 
  54, 500 
  54, 550 
  2,834  
  2,666  
  2,750  
 
 
  54, 550 
  54, 600 
  2,837  
  2,669  
  2,753  
 
 
  54, 600 
  54, 650 
  2,840  
  2,672  
  2,756  
 
 
  54,650  
  54,700  
  2,843  
  2,675  
  2,759  
 
 
  54, 700 
  54, 750 
  2,845  
  2,677  
  2,761  
 
 
  54, 750 
  54, 800 
  2,848  
  2,680  
  2,764  
 
 
  54, 800 
  54, 850 
  2,851  
  2,683  
  2,767  
 
 
  54, 850 
  54, 900 
  2,854  
  2,686  
  2,770  
 
 
  54, 900 
  54, 950 
 2,856 
  2,688  
  2,772  
 
 
  54, 950 
 55,000 
  2,859  
  2,691  
  2,775  
 
 
 55,000 
 Your New York State tax is: 
 
 
 55,000 
  55, 050 
  2,862  
  2,694  
 2,778 
 
 
  55, 050 
  55, 100 
  2,865  
  2,697  
  2,781  
 
 
  55, 100 
  55, 150 
  2,867  
  2,699  
  2,783  
 
 
  55, 150 
  55, 200 
  2,870  
  2,702  
  2,786  
 
 
  55, 200 
  55, 250 
  2,873  
  2,705  
  2,789  
 
 
  55, 250 
  55, 300 
  2,876  
  2,708  
  2,792  
 
 
  55, 300 
  55, 350 
  2,878  
  2,710  
  2,794  
 
 
  55, 350 
  55, 400 
  2,881  
  2,713  
  2,797  
 
 
  55, 400 
  55, 450 
  2,884  
  2,716  
  2,800  
 
 
  55, 450 
  55, 500 
  2,887  
  2,719  
  2,803  
 
 
  55, 500 
  55, 550 
  2,889  
  2,721  
  2,805  
 
 
  55, 550 
  55, 600 
  2,892  
  2,724  
  2,808  
 
 
  55, 600 
  55, 650 
  2,895  
  2,727  
  2,811  
 
 
  55, 650 
  55, 700 
  2,898  
  2,730  
  2,814  
 
 
  55, 700 
  55, 750 
  2,900  
  2,732  
  2,816  
 
 
  55, 750 
  55, 800 
  2,903  
  2,735  
  2,819  
 
 
  55, 800 
  55, 850 
  2,906  
  2,738  
  2,822  
 
 
  55, 850 
  55, 900 
  2,909  
  2,741  
  2,825  
 
 
  55, 900 
  55, 950 
  2,911  
  2,743  
  2,827  
 
 
  55, 950 
 56,000 
  2,914  
  2,746  
  2,830  
 
 
 56,000 
 Your New York State tax is: 
 
 
 56,000 
  56, 050 
  2,917  
 2,749 
 2,833 
 
 
  56, 050 
  56, 100 
  2,920  
  2,752  
  2,836  
 
 
  56, 100 
  56, 150 
  2,922  
  2,754  
  2,838  
 
 
  56, 150 
  56, 200 
  2,925  
  2,757  
  2,841  
 
 
  56, 200 
  56, 250 
  2,928  
  2,760  
 2,844 
 
 
  56, 250 
  56, 300 
  2,931  
  2,763  
  2,847  
 
 
  56, 300 
  56, 350 
  2,933  
  2,765  
  2,849  
 
 
  56, 350 
  56, 400 
  2,936  
  2,768  
  2,852  
 
 
  56, 400 
  56, 450 
  2,939  
  2,771  
  2,855  
 
 
  56, 450 
  56, 500 
  2,942  
  2,774  
  2,858  
 
 
  56, 500 
  56, 550 
  2,944  
  2,776  
  2,860  
 
 
  56, 550 
  56, 600 
  2,947  
  2,779  
  2,863  
 
 
  56, 600 
  56, 650 
  2,950  
  2,782  
  2,866  
 
 
  56, 650 
  56, 700 
  2,953  
  2,785  
 2,869 
 
 
  56, 700 
  56, 750 
  2,955  
  2,787  
  2,871  
 
 
  56, 750 
 56,800 
  2,958  
  2,790  
  2,874  
 
 
  56, 800 
  56, 850 
  2,961  
  2,793  
  2,877  
 
 
  56, 850 
  56, 900 
  2,964  
  2,796  
  2,880  
 
 
  56, 900 
  56, 950 
  2,966  
  2,798  
  2,882  
 
 
  56, 950 
 57,000 
  2,969  
  2,801  
  2,885  
 
 
 
						
												
					 
					
					
					 
						
						  New York State Tax Table     
 
 
 If your  taxable  income is: 
 And you are: 
 
 
 At  least 
 But less  than 
 Single  or  Married  filing  separately 
 Married filing jointly* 
 Head  of a household 
 
 
 57,000 
 Your New York State tax is: 
 
 
 57,000 
  57, 050 
 2,972 
 2,804 
 2,888 
 
 
  57, 050 
  57, 100 
  2,975  
  2,807  
  2,891  
 
 
  57, 100 
  57, 150 
  2,977  
  2,809  
  2,893  
 
 
  57, 150 
  57, 200 
  2,980  
  2,812  
  2,896  
 
 
  57, 200 
  57, 250 
  2,983  
  2,815  
  2,899  
 
 
  57, 250 
  57, 300 
  2,986  
  2,818  
  2,902  
 
 
  57, 300 
  57, 350 
  2,988  
  2,820  
  2,904  
 
 
  57, 350 
  57, 400 
  2,991  
  2,823  
  2,907  
 
 
  57, 400 
  57, 450 
  2,994  
  2,826  
  2,910  
 
 
  57, 450 
  57, 500 
  2,997  
  2,829  
  2,913  
 
 
  57, 500 
  57, 550 
  2,999  
  2,831  
  2,915  
 
 
  57, 550 
  57, 600 
  3,002  
  2,834  
  2,918  
 
 
  57, 600 
  57, 650 
  3,005  
  2,837  
  2,921  
 
 
  57,650  
  57,700  
  3,008  
  2,840  
  2,924  
 
 
  57, 700 
  57, 750 
  3,010  
  2,842  
  2,926  
 
 
  57, 750 
  57, 800 
  3,013  
  2,845  
  2,929  
 
 
  57, 800 
  57, 850 
  3,016  
  2,848  
  2,932  
 
 
  57, 850 
  57, 900 
  3,019  
  2,851  
  2,935  
 
 
  57, 900 
  57, 950 
  3,021  
  2,853  
  2,937  
 
 
  57, 950 
 58,000 
  3,024  
  2,856  
  2,940  
 
 
 58,000 
 Your New York State tax is: 
 
 
 58,000 
  58, 050 
  3,027  
 2,859 
  2,943  
 
 
  58, 050 
  58, 100 
  3,030  
 2,862 
  2,946  
 
 
  58, 100 
  58, 150 
  3,032  
 2,864 
  2,948  
 
 
  58, 150 
  58, 200 
  3,035  
 2,867 
  2,951  
 
 
  58, 200 
  58, 250 
  3,038  
 2,870 
  2,954  
 
 
  58, 250 
  58, 300 
  3,041  
 2,873 
  2,957  
 
 
  58, 300 
  58, 350 
  3,043  
 2,875 
  2,959  
 
 
  58, 350 
  58, 400 
  3,046  
 2,878 
  2,962  
 
 
  58, 400 
  58, 450 
  3,049  
 2,881 
  2,965  
 
 
  58, 450 
  58, 500 
  3,052  
 2,884 
  2,968  
 
 
  58, 500 
  58, 550 
  3,054  
 2,886 
  2,970  
 
 
  58, 550 
  58, 600 
  3,057  
  2,889  
  2,973  
 
 
  58, 600 
  58, 650 
  3,060  
  2,892  
  2,976  
 
 
  58, 650 
  58, 700 
  3,063  
  2,895  
  2,979  
 
 
  58, 700 
  58, 750 
  3,065  
  2,897  
  2,981  
 
 
  58, 750 
  58, 800 
  3,068  
  2,900  
  2,984  
 
 
  58, 800 
  58, 850 
  3,071  
  2,903  
  2,987  
 
 
  58, 850 
  58, 900 
  3,074  
  2,906  
  2,990  
 
 
  58, 900 
  58, 950 
  3,076  
  2,908  
  2,992  
 
 
  58, 950 
 59,000 
  3,079  
  2,911  
  2,995  
 
 
 59,000 
 Your New York State tax is: 
 
 
 59,000 
  59, 050 
  3,082  
  2,914  
  2,998  
 
 
  59, 050 
  59, 100 
  3,085  
  2,917  
  3,001  
 
 
  59, 100 
  59, 150 
  3,087  
  2,919  
  3,003  
 
 
  59, 150 
  59, 200 
  3,090  
  2,922  
  3,006  
 
 
  59, 200 
  59, 250 
  3,093  
  2,925  
  3,009  
 
 
  59, 250 
  59, 300 
  3,096  
  2,928  
  3,012  
 
 
  59, 300 
  59, 350 
  3,098  
  2,930  
  3,014  
 
 
  59, 350 
  59, 400 
  3,101  
  2,933  
  3,017  
 
 
  59, 400 
  59, 450 
  3,104  
  2,936  
  3,020  
 
 
  59, 450 
  59, 500 
  3,107  
  2,939  
  3,023  
 
 
  59, 500 
  59, 550 
  3,109  
  2,941  
  3,025  
 
 
  59, 550 
  59, 600 
  3,112  
  2,944  
  3,028  
 
 
  59, 600 
  59, 650 
  3,115  
  2,947  
  3,031  
 
 
  59, 650 
  59, 700 
  3,118  
  2,950  
  3,034  
 
 
  59, 700 
  59, 750 
  3,120  
  2,952  
  3,036  
 
 
  59, 750 
 59,800 
  3,123  
  2,955  
  3,039  
 
 
  59, 800 
  59, 850 
  3,126  
  2,958  
  3,042  
 
 
  59, 850 
  59, 900 
  3,129  
  2,961  
  3,045  
 
 
  59, 900 
  59, 950 
  3,131  
  2,963  
  3,047  
 
 
  59, 950 
 60,000 
  3,134  
  2,966  
  3,050  
 
 
 
						
												
					 
					
				  
				
				
				  
					
					
					
					 
						
						  New York State Tax Table     
 
 
 If your  taxable  income is: 
 And you are: 
 
 
 At  least 
 But less  than 
 Single  or  Married  filing  separately 
 Married filing jointly* 
 Head  of a household 
 
 
 60,000 
 Your New York State tax is: 
 
 
 60,000 
  60, 050 
 3,137 
 2,969 
 3,053 
 
 
  60, 050 
  60, 100 
  3,140  
  2,972  
  3,056  
 
 
  60, 100 
  60, 150 
  3,142  
  2,974  
  3,058  
 
 
  60, 150 
  60, 200 
  3,145  
  2,977  
  3,061  
 
 
  60, 200 
  60, 250 
  3,148  
  2,980  
  3,064  
 
 
  60, 250 
  60, 300 
  3,151  
  2,983  
  3,067  
 
 
  60, 300 
  60, 350 
  3,153  
  2,985  
  3,069  
 
 
  60, 350 
  60, 400 
  3,156  
  2,988  
  3,072  
 
 
  60, 400 
  60, 450 
  3,159  
  2,991  
  3,075  
 
 
  60, 450 
  60, 500 
  3,162  
  2,994  
  3,078  
 
 
  60, 500 
  60, 550 
  3,164  
  2,996  
  3,080  
 
 
  60, 550 
  60, 600 
  3,167  
  2,999  
  3,083  
 
 
  60, 600 
  60, 650 
  3,170  
  3,002  
  3,086  
 
 
  60,650  
  60,700  
  3,173  
  3,005  
  3,089  
 
 
  60, 700 
  60, 750 
  3,175  
  3,007  
  3,091  
 
 
  60, 750 
  60, 800 
  3,178  
  3,010  
  3,094  
 
 
  60, 800 
  60, 850 
  3,181  
  3,013  
  3,097  
 
 
  60, 850 
  60, 900 
  3,184  
  3,016  
  3,100  
 
 
  60, 900 
  60, 950 
  3,186  
  3,018  
  3,102  
 
 
  60, 950 
 61,000 
  3,189  
  3,021  
  3,105  
 
 
 61,000 
 Your New York State tax is: 
 
 
 61,000 
  61, 050 
  3,192  
  3,024  
  3,108  
 
 
  61, 050 
  61, 100 
  3,195  
  3,027  
  3,111  
 
 
  61, 100 
  61, 150 
  3,197  
  3,029  
  3,113  
 
 
  61, 150 
  61, 200 
  3,200  
  3,032  
  3,116  
 
 
  61, 200 
  61, 250 
  3,203  
  3,035  
  3,119  
 
 
  61, 250 
  61, 300 
  3,206  
  3,038  
  3,122  
 
 
  61, 300 
  61, 350 
  3,208  
  3,040  
  3,124  
 
 
  61, 350 
  61, 400 
  3,211  
  3,043  
  3,127  
 
 
  61, 400 
  61, 450 
  3,214  
  3,046  
  3,130  
 
 
  61, 450 
  61, 500 
  3,217  
  3,049  
  3,133  
 
 
  61, 500 
  61, 550 
  3,219  
  3,051  
  3,135  
 
 
  61, 550 
  61, 600 
  3,222  
  3,054  
  3,138  
 
 
  61, 600 
  61, 650 
  3,225  
  3,057  
  3,141  
 
 
  61, 650 
  61, 700 
  3,228  
  3,060  
  3,144  
 
 
  61, 700 
  61, 750 
  3,230  
  3,062  
  3,146  
 
 
  61, 750 
  61, 800 
  3,233  
  3,065  
  3,149  
 
 
  61, 800 
  61, 850 
  3,236  
  3,068  
  3,152  
 
 
  61, 850 
  61, 900 
  3,239  
  3,071  
  3,155  
 
 
  61, 900 
  61, 950 
  3,241  
  3,073  
  3,157  
 
 
  61, 950 
 62,000 
  3,244  
  3,076  
  3,160  
 
 
 
 *This column must also be used by a qualifying surviving spouse 
						
												
					 
					
					
					 
						
						  New York State Tax Table     
 
 
 If your  taxable  income is: 
 And you are: 
 
 
 At  least 
 But less  than 
 Single  or  Married  filing  separately 
 Married filing jointly* 
 Head  of a household 
 
 
 62,000 
 Your New York State tax is: 
 
 
 62,000 
  62, 050 
 3,247 
 3,079 
 3,163 
 
 
  62, 050 
  62, 100 
  3,250  
  3,082  
  3,166  
 
 
  62, 100 
  62, 150 
  3,252  
  3,084  
  3,168  
 
 
  62, 150 
  62, 200 
  3,255  
  3,087  
  3,171  
 
 
  62, 200 
  62, 250 
  3,258  
  3,090  
  3,174  
 
 
  62, 250 
  62, 300 
  3,261  
  3,093  
  3,177  
 
 
  62, 300 
  62, 350 
  3,263  
  3,095  
  3,179  
 
 
  62, 350 
  62, 400 
  3,266  
  3,098  
  3,182  
 
 
  62, 400 
  62, 450 
  3,269  
  3,101  
  3,185  
 
 
  62, 450 
  62, 500 
  3,272  
  3,104  
  3,188  
 
 
  62, 500 
  62, 550 
  3,274  
  3,106  
  3,190  
 
 
  62, 550 
  62, 600 
  3,277  
  3,109  
  3,193  
 
 
  62, 600 
  62, 650 
  3,280  
  3,112  
  3,196  
 
 
  62,650  
  62,700  
  3,283  
  3,115  
  3,199  
 
 
  62, 700 
  62, 750 
  3,285  
  3,117  
  3,201  
 
 
  62, 750 
  62, 800 
  3,288  
  3,120  
  3,204  
 
 
  62, 800 
  62, 850 
  3,291  
  3,123  
  3,207  
 
 
  62, 850 
  62, 900 
  3,294  
  3,126  
  3,210  
 
 
  62, 900 
  62, 950 
  3,296  
  3,128  
  3,212  
 
 
  62, 950 
 63,000 
  3,299  
  3,131  
  3,215  
 
 
 63,000 
 Your New York State tax is: 
 
 
 63,000 
  63, 050 
 3,302 
 3,134 
 3,218 
 
 
  63, 050 
  63, 100 
  3,305  
  3,137  
  3,221  
 
 
  63, 100 
  63, 150 
  3,307  
  3,139  
  3,223  
 
 
  63, 150 
  63, 200 
  3,310  
  3,142  
  3,226  
 
 
  63, 200 
  63, 250 
  3,313  
  3,145  
  3,229  
 
 
  63, 250 
  63, 300 
  3,316  
  3,148  
  3,232  
 
 
  63, 300 
  63, 350 
  3,318  
  3,150  
  3,234  
 
 
  63, 350 
  63, 400 
  3,321  
  3,153  
  3,237  
 
 
  63, 400 
  63, 450 
  3,324  
  3,156  
  3,240  
 
 
  63, 450 
  63, 500 
  3,327  
  3,159  
  3,243  
 
 
  63, 500 
  63, 550 
  3,329  
  3,161  
  3,245  
 
 
  63, 550 
  63, 600 
  3,332  
  3,164  
  3,248  
 
 
  63, 600 
  63, 650 
  3,335  
  3,167  
  3,251  
 
 
  63, 650 
  63, 700 
  3,338  
  3,170  
  3,254  
 
 
  63, 700 
  63, 750 
  3,340  
  3,172  
  3,256  
 
 
  63, 750 
  63, 800 
  3,343  
  3,175  
  3,259  
 
 
  63, 800 
  63, 850 
  3,346  
  3,178  
  3,262  
 
 
  63, 850 
  63, 900 
  3,349  
  3,181  
  3,265  
 
 
  63, 900 
  63, 950 
  3,351  
  3,183  
  3,267  
 
 
  63, 950 
 64,000 
  3,354  
  3,186  
  3,270  
 
 
 
						
												
					 
					
					
					 
						
						  New York State Tax Table     
 
 
 If your  taxable  income is: 
 And you are: 
 
 
 At  least 
 But less  than 
 Single  or  Married  filing  separately 
 Married filing jointly* 
 Head  of a household 
 
 
 64,000 
 Your New York State tax is: 
 
 
 64,000 
  64, 050 
 3,357 
 3,189 
 3,273 
 
 
  64, 050 
  64, 100 
  3,360  
  3,192  
  3,276  
 
 
  64, 100 
  64, 150 
  3,362  
  3,194  
  3,278  
 
 
  64, 150 
  64, 200 
  3,365  
  3,197  
  3,281  
 
 
  64, 200 
  64, 250 
  3,368  
  3,200  
  3,284  
 
 
  64, 250 
  64, 300 
  3,371  
  3,203  
  3,287  
 
 
  64, 300 
  64, 350 
  3,373  
  3,205  
  3,289  
 
 
  64, 350 
  64, 400 
  3,376  
  3,208  
  3,292  
 
 
  64, 400 
  64, 450 
  3,379  
  3,211  
  3,295  
 
 
  64, 450 
  64, 500 
  3,382  
  3,214  
  3,298  
 
 
  64, 500 
  64, 550 
  3,384  
  3,216  
  3,300  
 
 
  64, 550 
 64,600 
  3,387  
  3,219  
  3,303  
 
 
  64, 600 
  64, 650 
  3,390  
  3,222  
  3,306  
 
 
  64,650  
  64,700  
  3,393  
  3,225  
  3,309  
 
 
  64, 700 
  64, 750 
  3,395  
  3,227  
  3,311  
 
 
  64, 750 
  64, 800 
  3,398  
  3,230  
  3,314  
 
 
  64, 800 
  64, 850 
  3,401  
  3,233  
  3,317  
 
 
  64, 850 
  64, 900 
  3,404  
  3,236  
  3,320  
 
 
  64, 900 
  64, 950 
  3,406  
  3,238  
  3,322  
 
 
  64, 950 
 65,000 
  3,409  
  3,241  
  3,325  
 
 
 65,000 or more: 
 
 
 $65,000 or more—compute your New York State tax using   New York State tax rate schedule  .   If the amount on Form IT-201, line 33, is more than $107,650, see  Tax computation – New York adjusted gross income of more than $107,650 .  
  
 
 
 
 
						
												
					 
					
				  
				
				
				  
					
					
					
					 
						
						   New York City Tax Table 
  Example:   A married couple are filing a joint return on Form IT-201. Their taxable income on line 47 is $38,275. First, they find the 38,250 - 38,300 income line. Next, they find the column for   Married filing jointly   and read down the column. The amount shown where the income line and filing status column meet is $1,292. This is the tax amount they must write on Form IT-201, line 47a.  
     
 $0—$5,999 
						
												
					 
					
				  
				
				
				  
					
					
					
					 
						
						  New York City Tax Table     
 
 
 If your  taxable  income is: 
 And you are: 
 
 
 At  least 
 But less  than 
 Single  or  Married  filing  separately 
 Married filing jointly* 
 Head  of a household 
 
 
  
 Your New York City tax is: 
 
 
 0 
 18 
 0 
 0 
 0 
 
 
 18 
 25 
 1 
 1 
 1 
 
 
 25 
 50 
 1 
 1 
 1 
 
 
 50 
 100 
 2 
 2 
 2 
 
 
 100 
 150 
 4 
 4 
 4 
 
 
 150 
 200 
 5 
 5 
 5 
 
 
 200 
 250 
 7 
 7 
 7 
 
 
 250 
 300 
 8 
 8 
 8 
 
 
 300 
 350 
 10 
 10 
 10 
 
 
 350 
 400 
 12 
 12 
 12 
 
 
 400 
 450 
 13 
 13 
 13 
 
 
 450 
 500 
 15 
 15 
 15 
 
 
 500 
 550 
 16 
 16 
 16 
 
 
 550 
 600 
 18 
 18 
 18 
 
 
 600 
 650 
 19 
 19 
 19 
 
 
 650 
 700 
 21 
 21 
 21 
 
 
 700 
 750 
 22 
 22 
 22 
 
 
 750 
 800 
 24 
 24 
 24 
 
 
 800 
 850 
 25 
 25 
 25 
 
 
 850 
 900 
 27 
 27 
 27 
 
 
 900 
 950 
 28 
 28 
 28 
 
 
 950 
 1000 
 30 
 30 
 30 
 
 
 1,000 
 Your New York City tax is: 
 
 
 1,000 
  1,050  
 32 
 32 
 32 
 
 
  1,050  
  1,100  
 33 
 33 
 33 
 
 
  1,100  
  1,150  
 35 
 35 
 35 
 
 
  1,150  
  1,200  
 36 
 36 
 36 
 
 
  1,200  
  1,250  
 38 
 38 
 38 
 
 
  1,250  
  1,300  
 39 
 39 
 39 
 
 
  1,300  
  1,350  
 41 
 41 
 41 
 
 
  1,350  
  1,400  
 42 
 42 
 42 
 
 
  1,400  
  1,450  
 44 
 44 
 44 
 
 
  1,450  
  1,500  
 45 
 45 
 45 
 
 
  1,500  
  1,550  
 47 
 47 
 47 
 
 
  1,550  
  1,600  
 48 
 48 
 48 
 
 
  1,600  
  1,650  
 50 
 50 
 50 
 
 
  1,650  
  1,700  
 52 
 52 
 52 
 
 
  1,700  
  1,750  
 53 
 53 
 53 
 
 
  1,750  
  1,800  
 55 
 55 
 55 
 
 
  1,800  
  1,850  
 56 
 56 
 56 
 
 
  1,850  
  1,900  
 58 
 58 
 58 
 
 
  1,900  
  1,950  
 59 
 59 
 59 
 
 
  1,950  
  2,000  
 61 
 61 
 61 
 
 
 
 *This column must also be used by a qualifying surviving spouse 
 $6,000—$14,999 
						
												
					 
					
					
					 
						
						  New York City Tax Table     
 
 
 If your  taxable  income is: 
 And you are: 
 
 
 At  least 
 But less  than 
 Single  or  Married  filing  separately 
 Married filing jointly* 
 Head  of a household 
 
 
 2,000 
 Your New York City tax is: 
 
 
 2,000 
  2,050  
 62 
 62 
 62 
 
 
 2,050 
  2,100  
 64 
 64 
 64 
 
 
 2,100 
  2,150  
 65 
 65 
 65 
 
 
 2,150 
  2,200  
 67 
 67 
 67 
 
 
 2,200 
  2,250  
 68 
 68 
 68 
 
 
 2,250 
  2,300  
 70 
 70 
 70 
 
 
 2,300 
  2,350  
 72 
 72 
 72 
 
 
 2,350 
  2,400  
 73 
 73 
 73 
 
 
 2,400 
  2,450  
 75 
 75 
 75 
 
 
 2,450 
  2,500  
 76 
 76 
 76 
 
 
 2,500 
  2,550  
 78 
 78 
 78 
 
 
 2,550 
  2,600  
 79 
 79 
 79 
 
 
 2,600 
  2,650  
 81 
 81 
 81 
 
 
 2,650 
  2,700  
 82 
 82 
 82 
 
 
 2,700 
  2,750  
 84 
 84 
 84 
 
 
 2,750 
  2,800  
 85 
 85 
 85 
 
 
 2,800 
  2,850  
 87 
 87 
 87 
 
 
 2,850 
  2,900  
 88 
 88 
 88 
 
 
 2,900 
  2,950  
 90 
 90 
 90 
 
 
 2,950 
 3,000 
 92 
 92 
 92 
 
 
 3,000 
 Your New York City tax is: 
 
 
 3,000 
  3,050  
 93 
 93 
 93 
 
 
  3,050  
  3,100  
 95 
 95 
 95 
 
 
  3,100  
  3,150  
 96 
 96 
 96 
 
 
  3,150  
  3,200  
 98 
 98 
 98 
 
 
  3,200  
  3,250  
 99 
 99 
 99 
 
 
  3,250  
  3,300  
 101 
 101 
 101 
 
 
  3,300  
  3,350  
 102 
 102 
 102 
 
 
  3,350  
  3,400  
 104 
 104 
 104 
 
 
  3,400  
  3,450  
 105 
 105 
 105 
 
 
  3,450  
  3,500  
 107 
 107 
 107 
 
 
  3,500  
  3,550  
 108 
 108 
 108 
 
 
  3,550  
  3,600  
 110 
 110 
 110 
 
 
  3,600  
  3,650  
 112 
 112 
 112 
 
 
  3,650  
  3,700  
 113 
 113 
 113 
 
 
  3,700  
  3,750  
 115 
 115 
 115 
 
 
  3,750  
  3,800  
 116 
 116 
 116 
 
 
  3,800  
  3,850  
 118 
 118 
 118 
 
 
  3,850  
  3,900  
 119 
 119 
 119 
 
 
  3,900  
  3,950  
 121 
 121 
 121 
 
 
  3,950  
  4,000  
 122 
 122 
 122 
 
 
 
						
												
					 
					
					
					 
						
						  New York City Tax Table     
 
 
 If your  taxable  income is: 
 And you are: 
 
 
 At  least 
 But less  than 
 Single  or  Married  filing  separately 
 Married filing jointly* 
 Head  of a household 
 
 
 4,000 
 Your New York City tax is: 
 
 
 4,000 
  4,050  
 124 
 124 
 124 
 
 
 4,050 
  4,100  
 125 
 125 
 125 
 
 
 4,100 
  4,150  
 127 
 127 
 127 
 
 
 4,150 
  4,200  
 129 
 129 
 129 
 
 
 4,200 
  4,250  
 130 
 130 
 130 
 
 
 4,250 
  4,300  
 132 
 132 
 132 
 
 
 4,300 
  4,350  
 133 
 133 
 133 
 
 
 4,350 
  4,400  
 135 
 135 
 135 
 
 
 4,400 
  4,450  
 136 
 136 
 136 
 
 
 4,450 
  4,500  
 138 
 138 
 138 
 
 
 4,500 
  4,550  
 139 
 139 
 139 
 
 
 4,550 
  4,600  
 141 
 141 
 141 
 
 
 4,600 
  4,650  
 142 
 142 
 142 
 
 
 4,650 
  4,700  
 144 
 144 
 144 
 
 
 4,700 
  4,750  
 145 
 145 
 145 
 
 
 4,750 
  4,800  
 147 
 147 
 147 
 
 
 4,800 
  4,850  
 149 
 149 
 149 
 
 
 4,850 
  4,900  
 150 
 150 
 150 
 
 
 4,900 
  4,950  
 152 
 152 
 152 
 
 
 4,950 
 5,000 
 153 
 153 
 153 
 
 
 5,000 
 Your New York City tax is: 
 
 
 5,000 
  5,050  
 155 
 155 
 155 
 
 
  5,050  
  5,100  
 156 
 156 
 156 
 
 
  5,100  
  5,150  
 158 
 158 
 158 
 
 
  5,150  
  5,200  
 159 
 159 
 159 
 
 
  5,200  
  5,250  
 161 
 161 
 161 
 
 
  5,250  
  5,300  
 162 
 162 
 162 
 
 
  5,300  
  5,350  
 164 
 164 
 164 
 
 
  5,350  
  5,400  
 165 
 165 
 165 
 
 
  5,400  
  5,450  
 167 
 167 
 167 
 
 
  5,450  
  5,500  
 169 
 169 
 169 
 
 
  5,500  
  5,550  
 170 
 170 
 170 
 
 
  5,550  
  5,600  
 172 
 172 
 172 
 
 
  5,600  
  5,650  
 173 
 173 
 173 
 
 
  5,650  
  5,700  
 175 
 175 
 175 
 
 
  5,700  
  5,750  
 176 
 176 
 176 
 
 
  5,750  
  5,800  
 178 
 178 
 178 
 
 
  5,800  
  5,850  
 179 
 179 
 179 
 
 
  5,850  
  5,900  
 181 
 181 
 181 
 
 
  5,900  
  5,950  
 182 
 182 
 182 
 
 
  5,950  
  6,000  
 184 
 184 
 184 
 
 
 
  
						
												
					 
					
				  
				
				
				  
					
					
					
					 
						
						  New York City Tax Table     
 
 
 If your  taxable  income is: 
 And you are: 
 
 
 At  least 
 But less  than 
 Single  or  Married filing  separately 
 Married filing jointly* 
 Head  of a household 
 
 
 6,000 
 Your New York City tax is: 
 
 
 6,000 
 6,050 
 185 
 185 
 185 
 
 
 6,050 
 6,100 
 187 
 187 
 187 
 
 
 6,100 
 6,150 
 189 
 189 
 189 
 
 
 6,150 
 6,200 
 190 
 190 
 190 
 
 
 6,200 
 6,250 
 192 
 192 
 192 
 
 
 6,250 
 6,300 
 193 
 193 
 193 
 
 
 6,300 
 6,350 
 195 
 195 
 195 
 
 
 6,350 
 6,400 
 196 
 196 
 196 
 
 
 6,400 
 6,450 
 198 
 198 
 198 
 
 
 6,450 
 6,500 
 199 
 199 
 199 
 
 
 6,500 
 6,550 
 201 
 201 
 201 
 
 
 6,550 
 6,600 
 202 
 202 
 202 
 
 
 6,600 
 6,650 
 204 
 204 
 204 
 
 
 6,650 
 6,700 
 205 
 205 
 205 
 
 
 6,700 
 6,750 
 207 
 207 
 207 
 
 
 6,750 
 6,800 
 209 
 209 
 209 
 
 
 6,800 
 6,850 
 210 
 210 
 210 
 
 
 6,850 
 6,900 
 212 
 212 
 212 
 
 
 6,900 
 6,950 
 213 
 213 
 213 
 
 
 6,950 
 7,000 
 215 
 215 
 215 
 
 
 7,000 
 Your New York City tax is: 
 
 
 7,000 
 7,050 
 216 
 216 
 216 
 
 
 7,050 
 7,100 
 218 
 218 
 218 
 
 
 7,100 
 7,150 
 219 
 219 
 219 
 
 
 7,150 
 7,200 
 221 
 221 
 221 
 
 
 7,200 
 7,250 
 222 
 222 
 222 
 
 
 7,250 
 7,300 
 224 
 224 
 224 
 
 
 7,300 
 7,350 
 225 
 225 
 225 
 
 
 7,350 
 7,400 
 227 
 227 
 227 
 
 
 7,400 
 7,450 
 229 
 229 
 229 
 
 
 7,450 
 7,500 
 230 
 230 
 230 
 
 
 7,500 
 7,550 
 232 
 232 
 232 
 
 
 7,550 
 7,600 
 233 
 233 
 233 
 
 
 7,600 
 7,650 
 235 
 235 
 235 
 
 
 7,650 
 7,700 
 236 
 236 
 236 
 
 
 7,700 
 7,750 
 238 
 238 
 238 
 
 
 7,750 
 7,800 
 239 
 239 
 239 
 
 
 7,800 
 7,850 
 241 
 241 
 241 
 
 
 7,850 
 7,900 
 242 
 242 
 242 
 
 
 7,900 
 7,950 
 244 
 244 
 244 
 
 
 7,950 
 8,000 
 245 
 245 
 245 
 
 
 8,000 
 Your New York City tax is: 
 
 
 8,000 
 8,050 
 247 
 247 
 247 
 
 
 8,050 
 8,100 
 249 
 249 
 249 
 
 
 8,100 
 8,150 
 250 
 250 
 250 
 
 
 8,150 
 8,200 
 252 
 252 
 252 
 
 
 8,200 
 8,250 
 253 
 253 
 253 
 
 
 8,250 
 8,300 
 255 
 255 
 255 
 
 
 8,300 
 8,350 
 256 
 256 
 256 
 
 
 8,350 
 8,400 
 258 
 258 
 258 
 
 
 8,400 
 8,450 
 259 
 259 
 259 
 
 
 8,450 
 8,500 
 261 
 261 
 261 
 
 
 8,500 
 8,550 
 262 
 262 
 262 
 
 
 8,550 
 8,600 
 264 
 264 
 264 
 
 
 8,600 
 8,650 
 265 
 265 
 265 
 
 
 8,650 
 8,700 
 267 
 267 
 267 
 
 
 8,700 
 8,750 
 269 
 269 
 269 
 
 
 8,750 
 8,800 
 270 
 270 
 270 
 
 
 8,800 
 8,850 
 272 
 272 
 272 
 
 
 8,850 
 8,900 
 273 
 273 
 273 
 
 
 8,900 
 8,950 
 275 
 275 
 275 
 
 
 8,950 
 9,000 
 276 
 276 
 276 
 
 
 
 *This column must also be used by a qualifying surviving spouse 
 $15,000—$23,999 
						
												
					 
					
					
					 
						
						  New York City Tax Table     
 
 
 If your  taxable  income is: 
 And you are: 
 
 
 At  least 
 But less  than 
 Single  or  Married  filing  separately 
 Married filing jointly* 
 Head  of a household 
 
 
 9,000 
 Your New York City tax is: 
 
 
 9,000 
 9,050 
 278 
 278 
 278 
 
 
 9,050 
 9,100 
 279 
 279 
 279 
 
 
 9,100 
 9,150 
 281 
 281 
 281 
 
 
 9,150 
 9,200 
 282 
 282 
 282 
 
 
 9,200 
 9,250 
 284 
 284 
 284 
 
 
 9,250 
 9,300 
 285 
 285 
 285 
 
 
 9,300 
 9,350 
 287 
 287 
 287 
 
 
 9,350 
 9,400 
 289 
 289 
 289 
 
 
 9,400 
 9,450 
 290 
 290 
 290 
 
 
 9,450 
 9,500 
 292 
 292 
 292 
 
 
 9,500 
 9,550 
 293 
 293 
 293 
 
 
 9,550 
 9,600 
 295 
 295 
 295 
 
 
 9,600 
 9,650 
 296 
 296 
 296 
 
 
 9,650 
 9,700 
 298 
 298 
 298 
 
 
 9,700 
 9,750 
 299 
 299 
 299 
 
 
 9,750 
 9,800 
 301 
 301 
 301 
 
 
 9,800 
 9,850 
 302 
 302 
 302 
 
 
 9,850 
 9,900 
 304 
 304 
 304 
 
 
 9,900 
 9,950 
 305 
 305 
 305 
 
 
 9,950 
 10,000 
 307 
 307 
 307 
 
 
 10,000 
 Your New York City tax is: 
 
 
 10,000 
 10,050 
 309 
 309 
 309 
 
 
 10,050 
 10,100 
 310 
 310 
 310 
 
 
 10,100 
 10,150 
 312 
 312 
 312 
 
 
 10,150 
 10,200 
 313 
 313 
 313 
 
 
 10,200 
 10,250 
 315 
 315 
 315 
 
 
 10,250 
 10,300 
 316 
 316 
 316 
 
 
 10,300 
 10,350 
 318 
 318 
 318 
 
 
 10,350 
 10,400 
 319 
 319 
 319 
 
 
 10,400 
 10,450 
 321 
 321 
 321 
 
 
 10,450 
 10,500 
 322 
 322 
 322 
 
 
 10,500 
 10,550 
 324 
 324 
 324 
 
 
 10,550 
 10,600 
 325 
 325 
 325 
 
 
 10,600 
 10,650 
 327 
 327 
 327 
 
 
 10,650 
 10,700 
 329 
 329 
 329 
 
 
 10,700 
 10,750 
 330 
 330 
 330 
 
 
 10,750 
 10,800 
 332 
 332 
 332 
 
 
 10,800 
 10,850 
 333 
 333 
 333 
 
 
 10,850 
 10,900 
 335 
 335 
 335 
 
 
 10,900 
 10,950 
 336 
 336 
 336 
 
 
 10,950 
 11,000 
 338 
 338 
 338 
 
 
 11,000 
 Your New York City tax is: 
 
 
 11,000 
 11,050 
 339 
 339 
 339 
 
 
 11,050 
 11,100 
 341 
 341 
 341 
 
 
 11,100 
 11,150 
 342 
 342 
 342 
 
 
 11,150 
 11,200 
 344 
 344 
 344 
 
 
 11,200 
 11,250 
 346 
 346 
 346 
 
 
 11,250 
 11,300 
 347 
 347 
 347 
 
 
 11,300 
 11,350 
 349 
 349 
 349 
 
 
 11,350 
 11,400 
 350 
 350 
 350 
 
 
 11,400 
 11,450 
 352 
 352 
 352 
 
 
 11,450 
 11,500 
 353 
 353 
 353 
 
 
 11,500 
 11,550 
 355 
 355 
 355 
 
 
 11,550 
 11,600 
 356 
 356 
 356 
 
 
 11,600 
 11,650 
 358 
 358 
 358 
 
 
 11,650 
 11,700 
 359 
 359 
 359 
 
 
 11,700 
 11,750 
 361 
 361 
 361 
 
 
 11,750 
 11,800 
 362 
 362 
 362 
 
 
 11,800 
 11,850 
 364 
 364 
 364 
 
 
 11,850 
 11,900 
 366 
 366 
 366 
 
 
 11,900 
 11,950 
 367 
 367 
 367 
 
 
 11,950 
 12,000 
 369 
 369 
 369 
 
 
 
  
						
												
					 
					
					
					 
						
						  New York City Tax Table     
 
 
 If your  taxable  income is: 
 And you are: 
 
 
 At  least 
 But less  than 
 Single  or  Married  filing  separately 
 Married filing jointly* 
 Head  of a household 
 
 
 12,000 
 Your New York City tax is: 
 
 
 12,000 
  12, 050 
 370 
 370 
 370 
 
 
  12, 050 
  12, 100 
 372 
 372 
 372 
 
 
  12, 100 
  12, 150 
 374 
 373 
 373 
 
 
  12, 150 
  12, 200 
 376 
 375 
 375 
 
 
  12, 200 
  12, 250 
 377 
 376 
 376 
 
 
  12, 250 
  12, 300 
 379 
 378 
 378 
 
 
  12, 300 
  12, 350 
 381 
 379 
 379 
 
 
  12, 350 
  12, 400 
 383 
 381 
 381 
 
 
  12, 400 
  12, 450 
 385 
 382 
 382 
 
 
  12, 450 
  12, 500 
 387 
 384 
 384 
 
 
  12, 500 
  12, 550 
 389 
 386 
 386 
 
 
  12, 550 
  12, 600 
 391 
 387 
 387 
 
 
  12, 600 
  12, 650 
 393 
 389 
 389 
 
 
  12, 650 
  12, 700 
 394 
 390 
 390 
 
 
  12, 700 
  12, 750 
 396 
 392 
 392 
 
 
  12, 750 
  12, 800 
 398 
 393 
 393 
 
 
  12, 800 
  12, 850 
 400 
 395 
 395 
 
 
  12, 850 
  12, 900 
 402 
 396 
 396 
 
 
  12, 900 
  12, 950 
 404 
 398 
 398 
 
 
  12, 950 
 13,000 
 406 
 399 
 399 
 
 
 13,000 
 Your New York City tax is: 
 
 
 13,000 
  13, 050 
 408 
 401 
 401 
 
 
  13, 050 
  13, 100 
 409 
 402 
 402 
 
 
  13, 100 
  13, 150 
 411 
 404 
 404 
 
 
  13, 150 
  13, 200 
 413 
 406 
 406 
 
 
  13, 200 
  13, 250 
 415 
 407 
 407 
 
 
  13, 250 
  13, 300 
 417 
 409 
 409 
 
 
  13, 300 
  13, 350 
 419 
 410 
 410 
 
 
  13, 350 
  13, 400 
 421 
 412 
 412 
 
 
  13, 400 
  13, 450 
 423 
 413 
 413 
 
 
  13, 450 
  13, 500 
 424 
 415 
 415 
 
 
  13, 500 
  13, 550 
 426 
 416 
 416 
 
 
  13, 550 
  13, 600 
 428 
 418 
 418 
 
 
  13, 600 
  13, 650 
 430 
 419 
 419 
 
 
  13, 650 
  13, 700 
 432 
 421 
 421 
 
 
  13, 700 
  13, 750 
 434 
 422 
 422 
 
 
  13, 750 
  13, 800 
 436 
 424 
 424 
 
 
  13, 800 
  13, 850 
 438 
 426 
 426 
 
 
  13, 850 
  13, 900 
 440 
 427 
 427 
 
 
  13, 900 
  13, 950 
 441 
 429 
 429 
 
 
  13, 950 
 14,000 
 443 
 430 
 430 
 
 
 14,000 
 Your New York City tax is: 
 
 
 14,000 
  14, 050 
 445 
 432 
 432 
 
 
  14, 050 
  14, 100 
 447 
 433 
 433 
 
 
  14, 100 
  14, 150 
 449 
 435 
 435 
 
 
  14, 150 
  14, 200 
 451 
 436 
 436 
 
 
  14, 200 
  14, 250 
 453 
 438 
 438 
 
 
  14, 250 
  14, 300 
 455 
 439 
 439 
 
 
  14, 300 
  14, 350 
 456 
 441 
 441 
 
 
  14, 350 
  14, 400 
 458 
 442 
 442 
 
 
  14, 400 
  14, 450 
 460 
 444 
 444 
 
 
  14, 450 
  14, 500 
 462 
 446 
 446 
 
 
  14, 500 
  14, 550 
 464 
 447 
 448 
 
 
  14, 550 
  14, 600 
 466 
 449 
 450 
 
 
  14, 600 
  14, 650 
 468 
 450 
 451 
 
 
  14, 650 
  14, 700 
 470 
 452 
 453 
 
 
  14, 700 
  14, 750 
 472 
 453 
 455 
 
 
  14, 750 
  14, 800 
 473 
 455 
 457 
 
 
  14, 800 
  14, 850 
 475 
 456 
 459 
 
 
  14, 850 
  14, 900 
 477 
 458 
 461 
 
 
  14, 900 
  14, 950 
 479 
 459 
 463 
 
 
  14, 950 
 15,000 
 481 
 461 
 465 
 
 
 
						
												
					 
					
				  
				
				
				  
					
					
					
					 
						
						  New York City Tax Table     
 
 
 If your  taxable  income is: 
 And you are: 
 
 
 At  least 
 But less  than 
 Single  or  Married  filing  separately 
 Married filing jointly* 
 Head  of a household 
 
 
 15,000 
 Your New York City tax is: 
 
 
 15,000 
  15, 050 
 483 
 462 
 467 
 
 
  15, 050 
  15, 100 
 485 
 464 
 468 
 
 
  15, 100 
  15, 150 
 487 
 466 
 470 
 
 
  15, 150 
  15, 200 
 488 
 467 
 472 
 
 
  15, 200 
  15, 250 
 490 
 469 
 474 
 
 
  15, 250 
  15, 300 
 492 
 470 
 476 
 
 
  15, 300 
  15, 350 
 494 
 472 
 478 
 
 
  15, 350 
  15, 400 
 496 
 473 
 480 
 
 
  15, 400 
  15, 450 
 498 
 475 
 482 
 
 
  15, 450 
  15, 500 
 500 
 476 
 483 
 
 
  15, 500 
  15, 550 
 502 
 478 
 485 
 
 
  15, 550 
  15, 600 
 503 
 479 
 487 
 
 
  15, 600 
  15, 650 
 505 
 481 
 489 
 
 
  15, 650 
  15, 700 
 507 
 482 
 491 
 
 
  15, 700 
  15, 750 
 509 
 484 
 493 
 
 
  15, 750 
  15, 800 
 511 
 486 
 495 
 
 
  15, 800 
  15, 850 
 513 
 487 
 497 
 
 
  15, 850 
  15, 900 
 515 
 489 
 498 
 
 
  15, 900 
  15, 950 
 517 
 490 
 500 
 
 
  15, 950 
 16,000 
 519 
 492 
 502 
 
 
 16,000 
 Your New York City tax is: 
 
 
 16,000 
  16, 050 
 520 
 493 
 504 
 
 
  16, 050 
  16, 100 
 522 
 495 
 506 
 
 
  16, 100 
  16, 150 
 524 
 496 
 508 
 
 
  16, 150 
  16, 200 
 526 
 498 
 510 
 
 
  16, 200 
  16, 250 
 528 
 499 
 512 
 
 
  16, 250 
  16, 300 
 530 
 501 
 514 
 
 
  16, 300 
  16, 350 
 532 
 502 
 515 
 
 
  16, 350 
  16, 400 
 534 
 504 
 517 
 
 
  16, 400 
  16, 450 
 535 
 506 
 519 
 
 
  16, 450 
  16, 500 
 537 
 507 
 521 
 
 
  16, 500 
  16, 550 
 539 
 509 
 523 
 
 
  16, 550 
  16, 600 
 541 
 510 
 525 
 
 
  16, 600 
  16, 650 
 543 
 512 
 527 
 
 
  16, 650 
  16, 700 
 545 
 513 
 529 
 
 
  16, 700 
  16, 750 
 547 
 515 
 530 
 
 
  16, 750 
  16, 800 
 549 
 516 
 532 
 
 
  16, 800 
  16, 850 
 551 
 518 
 534 
 
 
  16, 850 
  16, 900 
 552 
 519 
 536 
 
 
  16, 900 
  16, 950 
 554 
 521 
 538 
 
 
  16, 950 
 17,000 
 556 
 522 
 540 
 
 
 17,000 
 Your New York City tax is: 
 
 
 17,000 
  17, 050 
 558 
 524 
 542 
 
 
  17, 050 
  17, 100 
 560 
 526 
 544 
 
 
  17, 100 
  17, 150 
 562 
 527 
 546 
 
 
  17, 150 
  17, 200 
 564 
 529 
 547 
 
 
  17, 200 
  17, 250 
 566 
 530 
 549 
 
 
  17, 250 
  17, 300 
 567 
 532 
 551 
 
 
  17, 300 
  17, 350 
 569 
 533 
 553 
 
 
  17, 350 
  17, 400 
 571 
 535 
 555 
 
 
  17, 400 
  17, 450 
 573 
 536 
 557 
 
 
  17, 450 
  17, 500 
 575 
 538 
 559 
 
 
  17, 500 
  17, 550 
 577 
 539 
 561 
 
 
  17, 550 
  17, 600 
 579 
 541 
 562 
 
 
  17, 600 
  17, 650 
 581 
 542 
 564 
 
 
  17, 650 
  17, 700 
 582 
 544 
 566 
 
 
  17, 700 
  17, 750 
 584 
 546 
 568 
 
 
  17, 750 
  17, 800 
 586 
 547 
 570 
 
 
  17, 800 
  17, 850 
 588 
 549 
 572 
 
 
  17, 850 
  17, 900 
 590 
 550 
 574 
 
 
  17, 900 
  17, 950 
 592 
 552 
 576 
 
 
  17, 950 
 18,000 
 594 
 553 
 577 
 
 
 
 *This column must also be used by a qualifying surviving spouse 
 $24,000—$32,999 
						
												
					 
					
					
					 
						
						  New York City Tax Table     
 
 
 If your  taxable  income is: 
 And you are: 
 
 
 At  least 
 But less  than 
 Single  or  Married  filing  separately 
 Married filing jointly* 
 Head  of a household 
 
 
 18,000 
 Your New York City tax is: 
 
 
 18,000 
  18, 050 
 596 
 555 
 579 
 
 
  18, 050 
  18, 100 
 598 
 556 
 581 
 
 
  18, 100 
  18, 150 
 599 
 558 
 583 
 
 
  18, 150 
  18, 200 
 601 
 559 
 585 
 
 
  18, 200 
  18, 250 
 603 
 561 
 587 
 
 
  18, 250 
  18, 300 
 605 
 563 
 589 
 
 
  18, 300 
  18, 350 
 607 
 564 
 591 
 
 
  18, 350 
  18, 400 
 609 
 566 
 593 
 
 
  18, 400 
  18, 450 
 611 
 567 
 594 
 
 
  18, 450 
  18, 500 
 613 
 569 
 596 
 
 
  18, 500 
  18, 550 
 614 
 570 
 598 
 
 
  18, 550 
  18, 600 
 616 
 572 
 600 
 
 
  18, 600 
  18, 650 
 618 
 573 
 602 
 
 
  18, 650 
  18, 700 
 620 
 575 
 604 
 
 
  18, 700 
  18, 750 
 622 
 576 
 606 
 
 
  18, 750 
  18, 800 
 624 
 578 
 608 
 
 
  18, 800 
  18, 850 
 626 
 579 
 609 
 
 
  18, 850 
  18, 900 
 628 
 581 
 611 
 
 
  18, 900 
  18, 950 
 630 
 583 
 613 
 
 
  18, 950 
 19,000 
 631 
 584 
 615 
 
 
 19,000 
 Your New York City tax is: 
 
 
 19,000 
  19, 050 
 633 
 586 
 617 
 
 
  19, 050 
  19, 100 
 635 
 587 
 619 
 
 
  19, 100 
  19, 150 
 637 
 589 
 621 
 
 
  19, 150 
  19, 200 
 639 
 590 
 623 
 
 
  19, 200 
  19, 250 
 641 
 592 
 625 
 
 
  19, 250 
  19, 300 
 643 
 593 
 626 
 
 
  19, 300 
  19, 350 
 645 
 595 
 628 
 
 
  19, 350 
  19, 400 
 646 
 596 
 630 
 
 
  19, 400 
  19, 450 
 648 
 598 
 632 
 
 
  19, 450 
  19, 500 
 650 
 599 
 634 
 
 
  19, 500 
  19, 550 
 652 
 601 
 636 
 
 
  19, 550 
  19, 600 
 654 
 603 
 638 
 
 
  19, 600 
  19, 650 
 656 
 604 
 640 
 
 
  19, 650 
  19, 700 
 658 
 606 
 641 
 
 
  19, 700 
  19, 750 
 660 
 607 
 643 
 
 
  19, 750 
  19, 800 
 661 
 609 
 645 
 
 
  19, 800 
  19, 850 
 663 
 610 
 647 
 
 
  19, 850 
  19, 900 
 665 
 612 
 649 
 
 
  19, 900 
  19, 950 
 667 
 613 
 651 
 
 
  19, 950 
 20,000 
 669 
 615 
 653 
 
 
 20,000 
 Your New York City tax is: 
 
 
 20,000 
  20, 050 
 671 
 616 
 655 
 
 
  20, 050 
  20, 100 
 673 
 618 
 656 
 
 
  20, 100 
  20, 150 
 675 
 619 
 658 
 
 
  20, 150 
  20, 200 
 677 
 621 
 660 
 
 
  20, 200 
  20, 250 
 678 
 623 
 662 
 
 
  20, 250 
  20, 300 
 680 
 624 
 664 
 
 
  20, 300 
  20, 350 
 682 
 626 
 666 
 
 
  20, 350 
  20, 400 
 684 
 627 
 668 
 
 
  20, 400 
  20, 450 
 686 
 629 
 670 
 
 
  20, 450 
  20, 500 
 688 
 630 
 672 
 
 
  20, 500 
  20, 550 
 690 
 632 
 673 
 
 
  20, 550 
  20, 600 
 692 
 633 
 675 
 
 
  20, 600 
  20, 650 
 693 
 635 
 677 
 
 
  20, 650 
  20, 700 
 695 
 636 
 679 
 
 
  20, 700 
  20, 750 
 697 
 638 
 681 
 
 
  20, 750 
  20, 800 
 699 
 639 
 683 
 
 
  20, 800 
  20, 850 
 701 
 641 
 685 
 
 
  20, 850 
  20, 900 
 703 
 643 
 687 
 
 
  20, 900 
  20, 950 
 705 
 644 
 688 
 
 
  20, 950 
 21,000 
 707 
 646 
 690 
 
 
 
						
												
					 
					
					
					 
						
						  New York City Tax Table     
 
 
 If your  taxable  income is: 
 And you are: 
 
 
 At  least 
 But less  than 
 Single  or  Married  filing  separately 
 Married filing jointly* 
 Head  of a household 
 
 
 21,000 
 Your New York City tax is: 
 
 
 21,000 
  21, 050 
 709 
 647 
 692 
 
 
  21, 050 
  21, 100 
 710 
 649 
 694 
 
 
  21, 100 
  21, 150 
 712 
 650 
 696 
 
 
  21, 150 
  21, 200 
 714 
 652 
 698 
 
 
  21, 200 
  21, 250 
 716 
 653 
 700 
 
 
  21, 250 
  21, 300 
 718 
 655 
 702 
 
 
  21, 300 
  21, 350 
 720 
 656 
 704 
 
 
  21, 350 
  21, 400 
 722 
 658 
 705 
 
 
  21, 400 
  21, 450 
 724 
 659 
 707 
 
 
  21, 450 
  21, 500 
 725 
 661 
 709 
 
 
  21, 500 
  21, 550 
 727 
 663 
 711 
 
 
  21, 550 
  21, 600 
 729 
 664 
 713 
 
 
  21, 600 
  21, 650 
 731 
 666 
 715 
 
 
  21, 650 
  21, 700 
 733 
 668 
 717 
 
 
  21, 700 
  21, 750 
 735 
 670 
 719 
 
 
  21, 750 
  21, 800 
 737 
 672 
 720 
 
 
  21, 800 
  21, 850 
 739 
 673 
 722 
 
 
  21, 850 
  21, 900 
 740 
 675 
 724 
 
 
  21, 900 
  21, 950 
 742 
 677 
 726 
 
 
  21, 950 
 22,000 
 744 
 679 
 728 
 
 
 22,000 
 Your New York City tax is: 
 
 
 22,000 
  22, 050 
 746 
 681 
 730 
 
 
  22, 050 
  22, 100 
 748 
 683 
 732 
 
 
  22, 100 
  22, 150 
 750 
 685 
 734 
 
 
  22, 150 
  22, 200 
 752 
 687 
 735 
 
 
  22, 200 
  22, 250 
 754 
 689 
 737 
 
 
  22, 250 
  22, 300 
 756 
 690 
 739 
 
 
  22, 300 
  22, 350 
 757 
 692 
 741 
 
 
  22, 350 
  22, 400 
 759 
 694 
 743 
 
 
  22, 400 
  22, 450 
 761 
 696 
 745 
 
 
  22, 450 
  22, 500 
 763 
 698 
 747 
 
 
  22, 500 
  22, 550 
 765 
 700 
 749 
 
 
  22, 550 
  22, 600 
 767 
 702 
 751 
 
 
  22, 600 
  22, 650 
 769 
 704 
 752 
 
 
  22, 650 
  22, 700 
 771 
 705 
 754 
 
 
  22, 700 
  22, 750 
 772 
 707 
 756 
 
 
  22, 750 
  22, 800 
 774 
 709 
 758 
 
 
  22, 800 
  22, 850 
 776 
 711 
 760 
 
 
  22, 850 
  22, 900 
 778 
 713 
 762 
 
 
  22, 900 
  22, 950 
 780 
 715 
 764 
 
 
  22, 950 
 23,000 
 782 
 717 
 766 
 
 
 23,000 
 Your New York City tax is: 
 
 
 23,000 
  23, 050 
 784 
 719 
 767 
 
 
  23, 050 
  23, 100 
 786 
 720 
 769 
 
 
  23, 100 
  23, 150 
 788 
 722 
 771 
 
 
  23, 150 
  23, 200 
 789 
 724 
 773 
 
 
  23, 200 
  23, 250 
 791 
 726 
 775 
 
 
  23, 250 
  23, 300 
 793 
 728 
 777 
 
 
  23, 300 
  23, 350 
 795 
 730 
 779 
 
 
  23, 350 
  23, 400 
 797 
 732 
 781 
 
 
  23, 400 
  23, 450 
 799 
 734 
 783 
 
 
  23, 450 
  23, 500 
 801 
 736 
 784 
 
 
  23, 500 
  23, 550 
 803 
 737 
 786 
 
 
  23, 550 
  23, 600 
 804 
 739 
 788 
 
 
  23, 600 
  23, 650 
 806 
 741 
 790 
 
 
  23, 650 
  23, 700 
 808 
 743 
 792 
 
 
  23, 700 
  23, 750 
 810 
 745 
 794 
 
 
  23, 750 
  23, 800 
 812 
 747 
 796 
 
 
  23, 800 
  23, 850 
 814 
 749 
 798 
 
 
  23, 850 
  23, 900 
 816 
 751 
 799 
 
 
  23, 900 
  23, 950 
 818 
 752 
 801 
 
 
  23, 950 
 24,000 
 819 
 754 
 803 
 
 
 
						
												
					 
					
				  
				
				
				  
					
					
					
					 
						
						  New York City Tax Table     
 
 
 If your  taxable  income is: 
 And you are: 
 
 
 At  least 
 But less  than 
 Single  or  Married  filing  separately 
 Married filing jointly* 
 Head  of a household 
 
 
 24,000 
 Your New York City tax is: 
 
 
 24,000 
  24, 050 
 821 
 756 
 805 
 
 
  24, 050 
  24, 100 
 823 
 758 
 807 
 
 
  24, 100 
  24, 150 
 825 
 760 
 809 
 
 
  24, 150 
  24, 200 
 827 
 762 
 811 
 
 
  24, 200 
  24, 250 
 829 
 764 
 813 
 
 
  24, 250 
  24, 300 
 831 
 766 
 814 
 
 
  24, 300 
  24, 350 
 833 
 768 
 816 
 
 
  24, 350 
  24, 400 
 835 
 769 
 818 
 
 
  24, 400 
  24, 450 
 836 
 771 
 820 
 
 
  24, 450 
  24, 500 
 838 
 773 
 822 
 
 
  24, 500 
  24, 550 
 840 
 775 
 824 
 
 
  24, 550 
  24, 600 
 842 
 777 
 826 
 
 
  24, 600 
  24, 650 
 844 
 779 
 828 
 
 
  24, 650 
  24, 700 
 846 
 781 
 830 
 
 
  24, 700 
  24, 750 
 848 
 783 
 831 
 
 
  24, 750 
  24, 800 
 850 
 784 
 833 
 
 
  24, 800 
  24, 850 
 851 
 786 
 835 
 
 
  24, 850 
  24, 900 
 853 
 788 
 837 
 
 
  24, 900 
  24, 950 
 855 
 790 
 839 
 
 
  24, 950 
 25,000 
 857 
 792 
 841 
 
 
 25,000 
 Your New York City tax is: 
 
 
 25,000 
  25, 050 
 859 
 794 
 843 
 
 
  25, 050 
  25, 100 
 861 
 796 
 845 
 
 
  25, 100 
  25, 150 
 863 
 798 
 846 
 
 
  25, 150 
  25, 200 
 865 
 799 
 848 
 
 
  25, 200 
  25, 250 
 867 
 801 
 850 
 
 
  25, 250 
  25, 300 
 869 
 803 
 852 
 
 
  25, 300 
  25, 350 
 870 
 805 
 854 
 
 
  25, 350 
  25, 400 
 872 
 807 
 856 
 
 
  25, 400 
  25, 450 
 874 
 809 
 858 
 
 
  25, 450 
  25, 500 
 876 
 811 
 860 
 
 
  25, 500 
  25, 550 
 878 
 813 
 862 
 
 
  25, 550 
  25, 600 
 880 
 815 
 863 
 
 
  25, 600 
  25, 650 
 882 
 816 
 865 
 
 
  25, 650 
  25, 700 
 884 
 818 
 867 
 
 
  25, 700 
  25, 750 
 886 
 820 
 869 
 
 
  25, 750 
  25, 800 
 888 
 822 
 871 
 
 
  25, 800 
  25, 850 
 890 
 824 
 873 
 
 
  25, 850 
  25, 900 
 891 
 826 
 875 
 
 
  25, 900 
  25, 950 
 893 
 828 
 877 
 
 
  25, 950 
 26,000 
 895 
 830 
 878 
 
 
 26,000 
 Your New York City tax is: 
 
 
 26,000 
  26, 050 
 897 
 831 
 880 
 
 
  26, 050 
  26, 100 
 899 
 833 
 882 
 
 
  26, 100 
  26, 150 
 901 
 835 
 884 
 
 
  26, 150 
  26, 200 
 903 
 837 
 886 
 
 
  26, 200 
  26, 250 
 905 
 839 
 888 
 
 
  26, 250 
  26, 300 
 907 
 841 
 890 
 
 
  26, 300 
  26, 350 
 909 
 843 
 892 
 
 
  26, 350 
  26, 400 
 911 
 845 
 893 
 
 
  26, 400 
  26, 450 
 912 
 847 
 895 
 
 
  26, 450 
  26, 500 
 914 
 848 
 897 
 
 
  26, 500 
  26, 550 
 916 
 850 
 899 
 
 
  26, 550 
  26, 600 
 918 
 852 
 901 
 
 
  26, 600 
  26, 650 
 920 
 854 
 903 
 
 
  26, 650 
  26, 700 
 922 
 856 
 905 
 
 
  26, 700 
  26, 750 
 924 
 858 
 907 
 
 
  26, 750 
  26, 800 
 926 
 860 
 909 
 
 
  26, 800 
  26, 850 
 928 
 862 
 910 
 
 
  26, 850 
  26, 900 
 930 
 863 
 912 
 
 
  26, 900 
  26, 950 
 932 
 865 
 914 
 
 
  26, 950 
 27,000 
 933 
 867 
 916 
 
 
 
 *This column must also be used by a qualifying surviving spouse 
 $33,000—$41,999 
						
												
					 
					
					
					 
						
						  New York City Tax Table     
 
 
 If your  taxable  income is: 
 And you are: 
 
 
 At  least 
 But less  than 
 Single  or  Married  filing  separately 
 Married filing jointly* 
 Head  of a household 
 
 
 27,000 
 Your New York City tax is: 
 
 
 27,000 
  27, 050 
 935 
 869 
 918 
 
 
  27, 050 
  27, 100 
 937 
 871 
 920 
 
 
  27, 100 
  27, 150 
 939 
 873 
 922 
 
 
  27, 150 
  27, 200 
 941 
 875 
 924 
 
 
  27, 200 
  27, 250 
 943 
 877 
 925 
 
 
  27, 250 
  27, 300 
 945 
 878 
 927 
 
 
  27, 300 
  27, 350 
 947 
 880 
 929 
 
 
  27, 350 
  27, 400 
 949 
 882 
 931 
 
 
  27, 400 
  27, 450 
 951 
 884 
 933 
 
 
  27, 450 
  27, 500 
 953 
 886 
 935 
 
 
  27, 500 
  27, 550 
 954 
 888 
 937 
 
 
  27, 550 
  27, 600 
 956 
 890 
 939 
 
 
  27, 600 
  27, 650 
 958 
 892 
 941 
 
 
  27, 650 
  27, 700 
 960 
 894 
 942 
 
 
  27, 700 
  27, 750 
 962 
 895 
 944 
 
 
  27, 750 
  27, 800 
 964 
 897 
 946 
 
 
  27, 800 
  27, 850 
 966 
 899 
 948 
 
 
  27, 850 
  27, 900 
 968 
 901 
 950 
 
 
  27, 900 
  27, 950 
 970 
 903 
 952 
 
 
  27, 950 
 28,000 
 972 
 905 
 954 
 
 
 28,000 
 Your New York City tax is: 
 
 
 28,000 
  28, 050 
 974 
 907 
 956 
 
 
  28, 050 
  28, 100 
 975 
 909 
 957 
 
 
  28, 100 
  28, 150 
 977 
 910 
 959 
 
 
  28, 150 
  28, 200 
 979 
 912 
 961 
 
 
  28, 200 
  28, 250 
 981 
 914 
 963 
 
 
  28, 250 
  28, 300 
 983 
 916 
 965 
 
 
  28, 300 
  28, 350 
 985 
 918 
 967 
 
 
  28, 350 
  28, 400 
 987 
 920 
 969 
 
 
  28, 400 
  28, 450 
 989 
 922 
 971 
 
 
  28, 450 
  28, 500 
 991 
 924 
 973 
 
 
  28, 500 
  28, 550 
 993 
 926 
 974 
 
 
  28, 550 
  28, 600 
 995 
 927 
 976 
 
 
  28, 600 
  28, 650 
 996 
 929 
 978 
 
 
  28, 650 
  28, 700 
 998 
 931 
 980 
 
 
  28, 700 
  28, 750 
 1,000 
 933 
 982 
 
 
  28, 750 
  28, 800 
 1,002 
 935 
 984 
 
 
  28, 800 
  28, 850 
 1,004 
 937 
 986 
 
 
  28, 850 
  28, 900 
 1,006 
 939 
 988 
 
 
  28, 900 
  28, 950 
 1,008 
 941 
 989 
 
 
  28, 950 
 29,000 
 1,010 
 942 
 991 
 
 
 29,000 
 Your New York City tax is: 
 
 
 29,000 
  29, 050 
 1,012 
 944 
 993 
 
 
  29, 050 
  29, 100 
 1,014 
 946 
 995 
 
 
  29, 100 
  29, 150 
 1,016 
 948 
 997 
 
 
  29, 150 
  29, 200 
 1,017 
 950 
 999 
 
 
  29, 200 
  29, 250 
 1,019 
 952 
 1,001 
 
 
  29, 250 
  29, 300 
 1,021 
 954 
 1,003 
 
 
  29, 300 
  29, 350 
 1,023 
 956 
 1,004 
 
 
  29, 350 
  29, 400 
 1,025 
 957 
 1,006 
 
 
  29, 400 
  29, 450 
 1,027 
 959 
 1,008 
 
 
  29, 450 
  29, 500 
 1,029 
 961 
 1,010 
 
 
  29, 500 
  29, 550 
 1,031 
 963 
 1,012 
 
 
  29, 550 
  29, 600 
 1,033 
 965 
 1,014 
 
 
  29, 600 
  29, 650 
 1,035 
 967 
 1,016 
 
 
  29, 650 
  29, 700 
 1,037 
 969 
 1,018 
 
 
  29, 700 
  29, 750 
 1,038 
 971 
 1,020 
 
 
  29, 750 
  29, 800 
 1,040 
 973 
 1,021 
 
 
  29, 800 
  29, 850 
 1,042 
 974 
 1,023 
 
 
  29, 850 
  29, 900 
 1,044 
 976 
 1,025 
 
 
  29, 900 
  29, 950 
 1,046 
 978 
 1,027 
 
 
  29, 950 
 30,000 
 1,048 
 980 
 1,029 
 
 
 
						
												
					 
					
					
					 
						
						  New York City Tax Table     
 
 
 If your  taxable  income is: 
 And you are: 
 
 
 At  least 
 But less  than 
 Single  or  Married  filing  separately 
 Married filing jointly* 
 Head  of a household 
 
 
 30,000 
 Your New York City tax is: 
 
 
 30,000 
  30, 050 
 1,050 
 982 
 1,031 
 
 
  30, 050 
  30, 100 
 1,052 
 984 
 1,033 
 
 
  30, 100 
  30, 150 
 1,054 
 986 
 1,035 
 
 
  30, 150 
  30, 200 
 1,056 
 988 
 1,037 
 
 
  30, 200 
  30, 250 
 1,058 
 989 
 1,039 
 
 
  30, 250 
  30, 300 
 1,059 
 991 
 1,041 
 
 
  30, 300 
  30, 350 
 1,061 
 993 
 1,042 
 
 
  30, 350 
  30, 400 
 1,063 
 995 
 1,044 
 
 
  30, 400 
  30, 450 
 1,065 
 997 
 1,046 
 
 
  30, 450 
  30, 500 
 1,067 
 999 
 1,048 
 
 
  30, 500 
  30, 550 
 1,069 
 1,001 
 1,050 
 
 
  30, 550 
  30, 600 
 1,071 
 1,003 
 1,052 
 
 
  30, 600 
  30, 650 
 1,073 
 1,005 
 1,054 
 
 
  30, 650 
  30, 700 
 1,075 
 1,006 
 1,056 
 
 
  30, 700 
  30, 750 
 1,077 
 1,008 
 1,058 
 
 
  30, 750 
  30, 800 
 1,079 
 1,010 
 1,060 
 
 
  30, 800 
  30, 850 
 1,080 
 1,012 
 1,062 
 
 
  30, 850 
  30, 900 
 1,082 
 1,014 
 1,063 
 
 
  30, 900 
  30, 950 
 1,084 
 1,016 
 1,065 
 
 
  30, 950 
 31,000 
 1,086 
 1,018 
 1,067 
 
 
 31,000 
 Your New York City tax is: 
 
 
 31,000 
  31, 050 
 1,088 
 1,020 
 1,069 
 
 
  31, 050 
  31, 100 
 1,090 
 1,021 
 1,071 
 
 
  31, 100 
  31, 150 
 1,092 
 1,023 
 1,073 
 
 
  31, 150 
  31, 200 
 1,094 
 1,025 
 1,075 
 
 
  31, 200 
  31, 250 
 1,096 
 1,027 
 1,077 
 
 
  31, 250 
  31, 300 
 1,098 
 1,029 
 1,079 
 
 
  31, 300 
  31, 350 
 1,100 
 1,031 
 1,081 
 
 
  31, 350 
  31, 400 
 1,101 
 1,033 
 1,083 
 
 
  31, 400 
  31, 450 
 1,103 
 1,035 
 1,084 
 
 
  31, 450 
  31, 500 
 1,105 
 1,036 
 1,086 
 
 
  31, 500 
  31, 550 
 1,107 
 1,038 
 1,088 
 
 
  31, 550 
  31, 600 
 1,109 
 1,040 
 1,090 
 
 
  31, 600 
  31, 650 
 1,111 
 1,042 
 1,092 
 
 
  31, 650 
  31, 700 
 1,113 
 1,044 
 1,094 
 
 
  31, 700 
  31, 750 
 1,115 
 1,046 
 1,096 
 
 
  31, 750 
  31, 800 
 1,117 
 1,048 
 1,098 
 
 
  31, 800 
  31, 850 
 1,119 
 1,050 
 1,100 
 
 
  31, 850 
  31, 900 
 1,121 
 1,052 
 1,102 
 
 
  31, 900 
  31, 950 
 1,122 
 1,053 
 1,104 
 
 
  31, 950 
 32,000 
 1,124 
 1,055 
 1,105 
 
 
 32,000 
 Your New York City tax is: 
 
 
 32,000 
  32, 050 
 1,126 
 1,057 
 1,107 
 
 
  32, 050 
  32, 100 
 1,128 
 1,059 
 1,109 
 
 
  32, 100 
  32, 150 
 1,130 
 1,061 
 1,111 
 
 
  32, 150 
  32, 200 
 1,132 
 1,063 
 1,113 
 
 
  32, 200 
  32, 250 
 1,134 
 1,065 
 1,115 
 
 
  32, 250 
  32, 300 
 1,136 
 1,067 
 1,117 
 
 
  32, 300 
  32, 350 
 1,138 
 1,068 
 1,119 
 
 
  32, 350 
  32, 400 
 1,140 
 1,070 
 1,121 
 
 
  32, 400 
  32, 450 
 1,142 
 1,072 
 1,123 
 
 
  32, 450 
  32, 500 
 1,143 
 1,074 
 1,125 
 
 
  32, 500 
  32, 550 
 1,145 
 1,076 
 1,126 
 
 
  32, 550 
  32, 600 
 1,147 
 1,078 
 1,128 
 
 
  32, 600 
  32, 650 
 1,149 
 1,080 
 1,130 
 
 
  32, 650 
  32, 700 
 1,151 
 1,082 
 1,132 
 
 
  32, 700 
  32, 750 
 1,153 
 1,084 
 1,134 
 
 
  32, 750 
  32, 800 
 1,155 
 1,085 
 1,136 
 
 
  32, 800 
  32, 850 
 1,157 
 1,087 
 1,138 
 
 
  32, 850 
  32, 900 
 1,159 
 1,089 
 1,140 
 
 
  32, 900 
  32, 950 
 1,161 
 1,091 
 1,142 
 
 
  32, 950 
 33,000 
 1,163 
 1,093 
 1,144 
 
 
 
						
												
					 
					
				  
				
				
				  
					
					
					
					 
						
						  New York City Tax Table     
 
 
 If your  taxable  income is: 
 And you are: 
 
 
 At  least 
 But less  than 
 Single  or  Married  filing  separately 
 Married filing jointly* 
 Head  of a household 
 
 
 33,000 
 Your New York City tax is: 
 
 
 33,000 
  33, 050 
 1,164 
 1,095 
 1,146 
 
 
  33, 050 
  33, 100 
 1,166 
 1,097 
 1,147 
 
 
  33, 100 
  33, 150 
 1,168 
 1,099 
 1,149 
 
 
  33, 150 
  33, 200 
 1,170 
 1,100 
 1,151 
 
 
  33, 200 
  33, 250 
 1,172 
 1,102 
 1,153 
 
 
  33, 250 
  33, 300 
 1,174 
 1,104 
 1,155 
 
 
  33, 300 
  33, 350 
 1,176 
 1,106 
 1,157 
 
 
  33, 350 
  33, 400 
 1,178 
 1,108 
 1,159 
 
 
  33, 400 
  33, 450 
 1,180 
 1,110 
 1,161 
 
 
  33, 450 
  33, 500 
 1,182 
 1,112 
 1,163 
 
 
  33, 500 
  33, 550 
 1,184 
 1,114 
 1,165 
 
 
  33, 550 
  33, 600 
 1,185 
 1,115 
 1,167 
 
 
  33, 600 
  33, 650 
 1,187 
 1,117 
 1,168 
 
 
  33, 650 
  33, 700 
 1,189 
 1,119 
 1,170 
 
 
  33, 700 
  33, 750 
 1,191 
 1,121 
 1,172 
 
 
  33, 750 
  33, 800 
 1,193 
 1,123 
 1,174 
 
 
  33, 800 
  33, 850 
 1,195 
 1,125 
 1,176 
 
 
  33, 850 
  33, 900 
 1,197 
 1,127 
 1,178 
 
 
  33, 900 
  33, 950 
 1,199 
 1,129 
 1,180 
 
 
  33, 950 
 34,000 
 1,201 
 1,131 
 1,182 
 
 
 34,000 
 Your New York City tax is: 
 
 
 34,000 
  34, 050 
 1,203 
 1,132 
 1,184 
 
 
  34, 050 
  34, 100 
 1,205 
 1,134 
 1,186 
 
 
  34, 100 
  34, 150 
 1,206 
 1,136 
 1,188 
 
 
  34, 150 
  34, 200 
 1,208 
 1,138 
 1,189 
 
 
  34, 200 
  34, 250 
 1,210 
 1,140 
 1,191 
 
 
  34, 250 
  34, 300 
 1,212 
 1,142 
 1,193 
 
 
  34, 300 
  34, 350 
 1,214 
 1,144 
 1,195 
 
 
  34, 350 
  34, 400 
 1,216 
 1,146 
 1,197 
 
 
  34, 400 
  34, 450 
 1,218 
 1,147 
 1,199 
 
 
  34, 450 
  34, 500 
 1,220 
 1,149 
 1,201 
 
 
  34, 500 
  34, 550 
 1,222 
 1,151 
 1,203 
 
 
  34, 550 
  34, 600 
 1,224 
 1,153 
 1,205 
 
 
  34, 600 
  34, 650 
 1,226 
 1,155 
 1,207 
 
 
  34, 650 
  34, 700 
 1,227 
 1,157 
 1,209 
 
 
  34, 700 
  34, 750 
 1,229 
 1,159 
 1,210 
 
 
  34, 750 
  34, 800 
 1,231 
 1,161 
 1,212 
 
 
  34, 800 
  34, 850 
 1,233 
 1,163 
 1,214 
 
 
  34, 850 
  34, 900 
 1,235 
 1,164 
 1,216 
 
 
  34, 900 
  34, 950 
 1,237 
 1,166 
 1,218 
 
 
  34, 950 
 35,000 
 1,239 
 1,168 
 1,220 
 
 
 35,000 
 Your New York City tax is: 
 
 
 35,000 
  35, 050 
 1,241 
 1,170 
 1,222 
 
 
  35, 050 
  35, 100 
 1,243 
 1,172 
 1,224 
 
 
  35, 100 
  35, 150 
 1,245 
 1,174 
 1,226 
 
 
  35, 150 
  35, 200 
 1,247 
 1,176 
 1,228 
 
 
  35, 200 
  35, 250 
 1,248 
 1,178 
 1,230 
 
 
  35, 250 
  35, 300 
 1,250 
 1,179 
 1,231 
 
 
  35, 300 
  35, 350 
 1,252 
 1,181 
 1,233 
 
 
  35, 350 
  35, 400 
 1,254 
 1,183 
 1,235 
 
 
  35, 400 
  35, 450 
 1,256 
 1,185 
 1,237 
 
 
  35, 450 
  35, 500 
 1,258 
 1,187 
 1,239 
 
 
  35, 500 
  35, 550 
 1,260 
 1,189 
 1,241 
 
 
  35, 550 
  35, 600 
 1,262 
 1,191 
 1,243 
 
 
  35, 600 
  35, 650 
 1,264 
 1,193 
 1,245 
 
 
  35, 650 
  35, 700 
 1,266 
 1,195 
 1,247 
 
 
  35, 700 
  35, 750 
 1,268 
 1,196 
 1,249 
 
 
  35, 750 
  35, 800 
 1,269 
 1,198 
 1,251 
 
 
  35, 800 
  35, 850 
 1,271 
 1,200 
 1,252 
 
 
  35, 850 
  35, 900 
 1,273 
 1,202 
 1,254 
 
 
  35, 900 
  35, 950 
 1,275 
 1,204 
 1,256 
 
 
  35, 950 
 36,000 
 1,277 
 1,206 
 1,258 
 
 
 
 *This column must also be used by a qualifying surviving spouse 
 $42,000—$50,999 
						
												
					 
					
					
					 
						
						  New York City Tax Table     
 
 
 If your  taxable  income is: 
 And you are: 
 
 
 At  least 
 But less  than 
 Single  or  Married  filing  separately 
 Married filing jointly* 
 Head  of a household 
 
 
 36,000 
 Your New York City tax is: 
 
 
 36,000 
  36, 050 
 1,279 
 1,208 
 1,260 
 
 
  36, 050 
  36, 100 
 1,281 
 1,210 
 1,262 
 
 
  36, 100 
  36, 150 
 1,283 
 1,211 
 1,264 
 
 
  36, 150 
  36, 200 
 1,285 
 1,213 
 1,266 
 
 
  36, 200 
  36, 250 
 1,287 
 1,215 
 1,268 
 
 
  36, 250 
  36, 300 
 1,289 
 1,217 
 1,270 
 
 
  36, 300 
  36, 350 
 1,291 
 1,219 
 1,272 
 
 
  36, 350 
  36, 400 
 1,292 
 1,221 
 1,273 
 
 
  36, 400 
  36, 450 
 1,294 
 1,223 
 1,275 
 
 
  36, 450 
  36, 500 
 1,296 
 1,225 
 1,277 
 
 
  36, 500 
  36, 550 
 1,298 
 1,226 
 1,279 
 
 
  36, 550 
  36, 600 
 1,300 
 1,228 
 1,281 
 
 
  36, 600 
  36, 650 
 1,302 
 1,230 
 1,283 
 
 
  36, 650 
  36, 700 
 1,304 
 1,232 
 1,285 
 
 
  36, 700 
  36, 750 
 1,306 
 1,234 
 1,287 
 
 
  36, 750 
  36, 800 
 1,308 
 1,236 
 1,289 
 
 
  36, 800 
  36, 850 
 1,310 
 1,238 
 1,291 
 
 
  36, 850 
  36, 900 
 1,312 
 1,240 
 1,293 
 
 
  36, 900 
  36, 950 
 1,313 
 1,242 
 1,294 
 
 
  36, 950 
 37,000 
 1,315 
 1,243 
 1,296 
 
 
 37,000 
 Your New York City tax is: 
 
 
 37,000 
  37, 050 
 1,317 
 1,245 
 1,298 
 
 
  37, 050 
  37, 100 
 1,319 
 1,247 
 1,300 
 
 
  37, 100 
  37, 150 
 1,321 
 1,249 
 1,302 
 
 
  37, 150 
  37, 200 
 1,323 
 1,251 
 1,304 
 
 
  37, 200 
  37, 250 
 1,325 
 1,253 
 1,306 
 
 
  37, 250 
  37, 300 
 1,327 
 1,255 
 1,308 
 
 
  37, 300 
  37, 350 
 1,329 
 1,257 
 1,310 
 
 
  37, 350 
  37, 400 
 1,331 
 1,258 
 1,312 
 
 
  37, 400 
  37, 450 
 1,333 
 1,260 
 1,314 
 
 
  37, 450 
  37, 500 
 1,334 
 1,262 
 1,315 
 
 
  37, 500 
  37, 550 
 1,336 
 1,264 
 1,317 
 
 
  37, 550 
  37, 600 
 1,338 
 1,266 
 1,319 
 
 
  37, 600 
  37, 650 
 1,340 
 1,268 
 1,321 
 
 
  37, 650 
  37, 700 
 1,342 
 1,270 
 1,323 
 
 
  37, 700 
  37, 750 
 1,344 
 1,272 
 1,325 
 
 
  37, 750 
  37, 800 
 1,346 
 1,274 
 1,327 
 
 
  37, 800 
  37, 850 
 1,348 
 1,275 
 1,329 
 
 
  37, 850 
  37, 900 
 1,350 
 1,277 
 1,331 
 
 
  37, 900 
  37, 950 
 1,352 
 1,279 
 1,333 
 
 
  37, 950 
 38,000 
 1,354 
 1,281 
 1,335 
 
 
 38,000 
 Your New York City tax is: 
 
 
 38,000 
  38, 050 
 1,355 
 1,283 
 1,336 
 
 
  38, 050 
  38, 100 
 1,357 
 1,285 
 1,338 
 
 
  38, 100 
  38, 150 
 1,359 
 1,287 
 1,340 
 
 
  38, 150 
  38, 200 
 1,361 
 1,289 
 1,342 
 
 
  38, 200 
  38, 250 
 1,363 
 1,290 
 1,344 
 
 
  38, 250 
  38, 300 
 1,365 
 1,292 
 1,346 
 
 
  38, 300 
  38, 350 
 1,367 
 1,294 
 1,348 
 
 
  38, 350 
  38, 400 
 1,369 
 1,296 
 1,350 
 
 
  38, 400 
  38, 450 
 1,371 
 1,298 
 1,352 
 
 
  38, 450 
  38, 500 
 1,373 
 1,300 
 1,354 
 
 
  38, 500 
  38, 550 
 1,375 
 1,302 
 1,356 
 
 
  38, 550 
  38, 600 
 1,376 
 1,304 
 1,357 
 
 
  38, 600 
  38, 650 
 1,378 
 1,305 
 1,359 
 
 
  38, 650 
  38, 700 
 1,380 
 1,307 
 1,361 
 
 
  38, 700 
  38, 750 
 1,382 
 1,309 
 1,363 
 
 
  38, 750 
  38, 800 
 1,384 
 1,311 
 1,365 
 
 
  38, 800 
  38, 850 
 1,386 
 1,313 
 1,367 
 
 
  38, 850 
  38, 900 
 1,388 
 1,315 
 1,369 
 
 
  38, 900 
  38, 950 
 1,390 
 1,317 
 1,371 
 
 
  38, 950 
 39,000 
 1,392 
 1,319 
 1,373 
 
 
 
						
												
					 
					
					
					 
						
						  New York City Tax Table     
 
 
 If your  taxable  income is: 
 And you are: 
 
 
 At  least 
 But less  than 
 Single  or  Married  filing  separately 
 Married filing jointly* 
 Head  of a household 
 
 
 39,000 
 Your New York City tax is: 
 
 
 39,000 
  39, 050 
 1,394 
 1,321 
 1,375 
 
 
  39, 050 
  39, 100 
 1,396 
 1,322 
 1,377 
 
 
  39, 100 
  39, 150 
 1,397 
 1,324 
 1,378 
 
 
  39, 150 
  39, 200 
 1,399 
 1,326 
 1,380 
 
 
  39, 200 
  39, 250 
 1,401 
 1,328 
 1,382 
 
 
  39, 250 
  39, 300 
 1,403 
 1,330 
 1,384 
 
 
  39, 300 
  39, 350 
 1,405 
 1,332 
 1,386 
 
 
  39, 350 
  39, 400 
 1,407 
 1,334 
 1,388 
 
 
  39, 400 
  39, 450 
 1,409 
 1,336 
 1,390 
 
 
  39, 450 
  39, 500 
 1,411 
 1,337 
 1,392 
 
 
  39, 500 
  39, 550 
 1,413 
 1,339 
 1,394 
 
 
  39, 550 
  39, 600 
 1,415 
 1,341 
 1,396 
 
 
  39, 600 
  39, 650 
 1,417 
 1,343 
 1,398 
 
 
  39, 650 
  39, 700 
 1,418 
 1,345 
 1,399 
 
 
  39, 700 
  39, 750 
 1,420 
 1,347 
 1,401 
 
 
  39, 750 
  39, 800 
 1,422 
 1,349 
 1,403 
 
 
  39, 800 
  39, 850 
 1,424 
 1,351 
 1,405 
 
 
  39, 850 
  39, 900 
 1,426 
 1,353 
 1,407 
 
 
  39, 900 
  39, 950 
 1,428 
 1,354 
 1,409 
 
 
  39, 950 
 40,000 
 1,430 
 1,356 
 1,411 
 
 
 40,000 
 Your New York City tax is: 
 
 
 40,000 
  40, 050 
 1,432 
 1,358 
 1,413 
 
 
  40, 050 
  40, 100 
 1,434 
 1,360 
 1,415 
 
 
  40, 100 
  40, 150 
 1,436 
 1,362 
 1,417 
 
 
  40, 150 
  40, 200 
 1,438 
 1,364 
 1,419 
 
 
  40, 200 
  40, 250 
 1,439 
 1,366 
 1,420 
 
 
  40, 250 
  40, 300 
 1,441 
 1,368 
 1,422 
 
 
  40, 300 
  40, 350 
 1,443 
 1,369 
 1,424 
 
 
  40, 350 
  40, 400 
 1,445 
 1,371 
 1,426 
 
 
  40, 400 
  40, 450 
 1,447 
 1,373 
 1,428 
 
 
  40, 450 
  40, 500 
 1,449 
 1,375 
 1,430 
 
 
  40, 500 
  40, 550 
 1,451 
 1,377 
 1,432 
 
 
  40, 550 
  40, 600 
 1,453 
 1,379 
 1,434 
 
 
  40, 600 
  40, 650 
 1,455 
 1,381 
 1,436 
 
 
  40, 650 
  40, 700 
 1,457 
 1,383 
 1,438 
 
 
  40, 700 
  40, 750 
 1,459 
 1,384 
 1,440 
 
 
  40, 750 
  40, 800 
 1,460 
 1,386 
 1,441 
 
 
  40, 800 
  40, 850 
 1,462 
 1,388 
 1,443 
 
 
  40, 850 
  40, 900 
 1,464 
 1,390 
 1,445 
 
 
  40, 900 
  40, 950 
 1,466 
 1,392 
 1,447 
 
 
  40, 950 
 41,000 
 1,468 
 1,394 
 1,449 
 
 
 41,000 
 Your New York City tax is: 
 
 
 41,000 
  41, 050 
 1,470 
 1,396 
 1,451 
 
 
  41, 050 
  41, 100 
 1,472 
 1,398 
 1,453 
 
 
  41, 100 
  41, 150 
 1,474 
 1,400 
 1,455 
 
 
  41, 150 
  41, 200 
 1,476 
 1,401 
 1,457 
 
 
  41, 200 
  41, 250 
 1,478 
 1,403 
 1,459 
 
 
  41, 250 
  41, 300 
 1,480 
 1,405 
 1,461 
 
 
  41, 300 
  41, 350 
 1,481 
 1,407 
 1,463 
 
 
  41, 350 
  41, 400 
 1,483 
 1,409 
 1,464 
 
 
  41, 400 
  41, 450 
 1,485 
 1,411 
 1,466 
 
 
  41, 450 
  41, 500 
 1,487 
 1,413 
 1,468 
 
 
  41, 500 
  41, 550 
 1,489 
 1,415 
 1,470 
 
 
  41, 550 
  41, 600 
 1,491 
 1,416 
 1,472 
 
 
  41, 600 
  41, 650 
 1,493 
 1,418 
 1,474 
 
 
  41, 650 
  41, 700 
 1,495 
 1,420 
 1,476 
 
 
  41, 700 
  41, 750 
 1,497 
 1,422 
 1,478 
 
 
  41, 750 
  41, 800 
 1,499 
 1,424 
 1,480 
 
 
  41, 800 
  41, 850 
 1,501 
 1,426 
 1,482 
 
 
  41, 850 
  41, 900 
 1,502 
 1,428 
 1,484 
 
 
  41, 900 
  41, 950 
 1,504 
 1,430 
 1,485 
 
 
  41, 950 
 42,000 
 1,506 
 1,432 
 1,487 
 
 
 
						
												
					 
					
				  
				
				
				  
					
					
					
					 
						
						  New York City Tax Table     
 
 
 If your  taxable  income is: 
 And you are: 
 
 
 At  least 
 But less  than 
 Single  or  Married  filing  separately 
 Married filing jointly* 
 Head  of a household 
 
 
 42,000 
 Your New York City tax is: 
 
 
 42,000 
  42, 050 
 1,508 
 1,433 
 1,489 
 
 
  42, 050 
  42, 100 
 1,510 
 1,435 
 1,491 
 
 
  42, 100 
  42, 150 
 1,512 
 1,437 
 1,493 
 
 
  42, 150 
  42, 200 
 1,514 
 1,439 
 1,495 
 
 
  42, 200 
  42, 250 
 1,516 
 1,441 
 1,497 
 
 
  42, 250 
  42, 300 
 1,518 
 1,443 
 1,499 
 
 
  42, 300 
  42, 350 
 1,520 
 1,445 
 1,501 
 
 
  42, 350 
  42, 400 
 1,522 
 1,447 
 1,503 
 
 
  42, 400 
  42, 450 
 1,523 
 1,448 
 1,505 
 
 
  42, 450 
  42, 500 
 1,525 
 1,450 
 1,506 
 
 
  42, 500 
  42, 550 
 1,527 
 1,452 
 1,508 
 
 
  42, 550 
  42, 600 
 1,529 
 1,454 
 1,510 
 
 
  42, 600 
  42, 650 
 1,531 
 1,456 
 1,512 
 
 
  42, 650 
  42, 700 
 1,533 
 1,458 
 1,514 
 
 
  42, 700 
  42, 750 
 1,535 
 1,460 
 1,516 
 
 
  42, 750 
  42, 800 
 1,537 
 1,462 
 1,518 
 
 
  42, 800 
  42, 850 
 1,539 
 1,463 
 1,520 
 
 
  42, 850 
  42, 900 
 1,541 
 1,465 
 1,522 
 
 
  42, 900 
  42, 950 
 1,543 
 1,467 
 1,524 
 
 
  42, 950 
 43,000 
 1,544 
 1,469 
 1,526 
 
 
 43,000 
 Your New York City tax is: 
 
 
 43,000 
  43, 050 
 1,546 
 1,471 
 1,527 
 
 
  43, 050 
  43, 100 
 1,548 
 1,473 
 1,529 
 
 
  43, 100 
  43, 150 
 1,550 
 1,475 
 1,531 
 
 
  43, 150 
  43, 200 
 1,552 
 1,477 
 1,533 
 
 
  43, 200 
  43, 250 
 1,554 
 1,479 
 1,535 
 
 
  43, 250 
  43, 300 
 1,556 
 1,480 
 1,537 
 
 
  43, 300 
  43, 350 
 1,558 
 1,482 
 1,539 
 
 
  43, 350 
  43, 400 
 1,560 
 1,484 
 1,541 
 
 
  43, 400 
  43, 450 
 1,562 
 1,486 
 1,543 
 
 
  43, 450 
  43, 500 
 1,564 
 1,488 
 1,545 
 
 
  43, 500 
  43, 550 
 1,565 
 1,490 
 1,547 
 
 
  43, 550 
  43, 600 
 1,567 
 1,492 
 1,548 
 
 
  43, 600 
  43, 650 
 1,569 
 1,494 
 1,550 
 
 
  43, 650 
  43, 700 
 1,571 
 1,495 
 1,552 
 
 
  43, 700 
  43, 750 
 1,573 
 1,497 
 1,554 
 
 
  43, 750 
  43, 800 
 1,575 
 1,499 
 1,556 
 
 
  43, 800 
  43, 850 
 1,577 
 1,501 
 1,558 
 
 
  43, 850 
  43, 900 
 1,579 
 1,503 
 1,560 
 
 
  43, 900 
  43, 950 
 1,581 
 1,505 
 1,562 
 
 
  43, 950 
 44,000 
 1,583 
 1,507 
 1,564 
 
 
 44,000 
 Your New York City tax is: 
 
 
 44,000 
  44, 050 
 1,585 
 1,509 
 1,566 
 
 
  44, 050 
  44, 100 
 1,586 
 1,511 
 1,568 
 
 
  44, 100 
  44, 150 
 1,588 
 1,512 
 1,569 
 
 
  44, 150 
  44, 200 
 1,590 
 1,514 
 1,571 
 
 
  44, 200 
  44, 250 
 1,592 
 1,516 
 1,573 
 
 
  44, 250 
  44, 300 
 1,594 
 1,518 
 1,575 
 
 
  44, 300 
  44, 350 
 1,596 
 1,520 
 1,577 
 
 
  44, 350 
  44, 400 
 1,598 
 1,522 
 1,579 
 
 
  44, 400 
  44, 450 
 1,600 
 1,524 
 1,581 
 
 
  44, 450 
  44, 500 
 1,602 
 1,526 
 1,583 
 
 
  44, 500 
  44, 550 
 1,604 
 1,527 
 1,585 
 
 
  44, 550 
  44, 600 
 1,606 
 1,529 
 1,587 
 
 
  44, 600 
  44, 650 
 1,607 
 1,531 
 1,589 
 
 
  44, 650 
  44, 700 
 1,609 
 1,533 
 1,590 
 
 
  44, 700 
  44, 750 
 1,611 
 1,535 
 1,592 
 
 
  44, 750 
  44, 800 
 1,613 
 1,537 
 1,594 
 
 
  44, 800 
  44, 850 
 1,615 
 1,539 
 1,596 
 
 
  44, 850 
  44, 900 
 1,617 
 1,541 
 1,598 
 
 
  44, 900 
  44, 950 
 1,619 
 1,542 
 1,600 
 
 
  44, 950 
 45,000 
 1,621 
 1,544 
 1,602 
 
 
 
 *This column must also be used by a qualifying surviving spouse 
 $51,000—$59,999 
						
												
					 
					
					
					 
						
						  New York City Tax Table     
 
 
 If your  taxable  income is: 
 And you are: 
 
 
 At  least 
 But less  than 
 Single  or  Married  filing  separately 
 Married filing jointly* 
 Head  of a household 
 
 
 45,000 
 Your New York City tax is: 
 
 
 45,000 
  45, 050 
 1,623 
 1,546 
 1,604 
 
 
  45, 050 
  45, 100 
 1,625 
 1,548 
 1,606 
 
 
  45, 100 
  45, 150 
 1,627 
 1,550 
 1,608 
 
 
  45, 150 
  45, 200 
 1,628 
 1,552 
 1,610 
 
 
  45, 200 
  45, 250 
 1,630 
 1,554 
 1,611 
 
 
  45, 250 
  45, 300 
 1,632 
 1,556 
 1,613 
 
 
  45, 300 
  45, 350 
 1,634 
 1,557 
 1,615 
 
 
  45, 350 
  45, 400 
 1,636 
 1,559 
 1,617 
 
 
  45, 400 
  45, 450 
 1,638 
 1,561 
 1,619 
 
 
  45, 450 
  45, 500 
 1,640 
 1,563 
 1,621 
 
 
  45, 500 
  45, 550 
 1,642 
 1,565 
 1,623 
 
 
  45, 550 
  45, 600 
 1,644 
 1,567 
 1,625 
 
 
  45, 600 
  45, 650 
 1,646 
 1,569 
 1,627 
 
 
  45,650  
  45,700  
 1,648 
 1,571 
 1,629 
 
 
  45, 700 
  45, 750 
 1,649 
 1,573 
 1,631 
 
 
  45, 750 
  45, 800 
 1,651 
 1,575 
 1,632 
 
 
  45, 800 
  45, 850 
 1,653 
 1,577 
 1,634 
 
 
  45, 850 
  45, 900 
 1,655 
 1,578 
 1,636 
 
 
  45, 900 
  45, 950 
 1,657 
 1,580 
 1,638 
 
 
  45, 950 
 46,000 
 1,659 
 1,582 
 1,640 
 
 
 46,000 
 Your New York City tax is: 
 
 
 46,000 
  46, 050 
 1,661 
 1,584 
 1,642 
 
 
  46, 050 
  46, 100 
 1,663 
 1,586 
 1,644 
 
 
  46, 100 
  46, 150 
 1,665 
 1,588 
 1,646 
 
 
  46, 150 
  46, 200 
 1,667 
 1,590 
 1,648 
 
 
  46, 200 
  46, 250 
 1,669 
 1,592 
 1,650 
 
 
  46, 250 
  46, 300 
 1,670 
 1,594 
 1,652 
 
 
  46, 300 
  46, 350 
 1,672 
 1,596 
 1,653 
 
 
  46, 350 
  46, 400 
 1,674 
 1,598 
 1,655 
 
 
  46, 400 
  46, 450 
 1,676 
 1,599 
 1,657 
 
 
  46, 450 
  46, 500 
 1,678 
 1,601 
 1,659 
 
 
  46, 500 
  46, 550 
 1,680 
 1,603 
 1,661 
 
 
  46, 550 
  46, 600 
 1,682 
 1,605 
 1,663 
 
 
  46, 600 
  46, 650 
 1,684 
 1,607 
 1,665 
 
 
  46, 650 
  46, 700 
 1,686 
 1,609 
 1,667 
 
 
  46, 700 
  46, 750 
 1,688 
 1,611 
 1,669 
 
 
  46, 750 
  46, 800 
 1,690 
 1,613 
 1,671 
 
 
  46, 800 
  46, 850 
 1,691 
 1,615 
 1,673 
 
 
  46, 850 
  46, 900 
 1,693 
 1,617 
 1,674 
 
 
  46, 900 
  46, 950 
 1,695 
 1,619 
 1,676 
 
 
  46, 950 
 47,000 
 1,697 
 1,620 
 1,678 
 
 
 47,000 
 Your New York City tax is: 
 
 
 47,000 
  47, 050 
 1,699 
 1,622 
 1,680 
 
 
  47, 050 
  47, 100 
 1,701 
 1,624 
 1,682 
 
 
  47, 100 
  47, 150 
 1,703 
 1,626 
 1,684 
 
 
  47, 150 
  47, 200 
 1,705 
 1,628 
 1,686 
 
 
  47, 200 
  47, 250 
 1,707 
 1,630 
 1,688 
 
 
  47, 250 
  47, 300 
 1,709 
 1,632 
 1,690 
 
 
  47, 300 
  47, 350 
 1,711 
 1,634 
 1,692 
 
 
  47, 350 
  47, 400 
 1,713 
 1,636 
 1,694 
 
 
  47, 400 
  47, 450 
 1,714 
 1,638 
 1,695 
 
 
  47, 450 
  47, 500 
 1,716 
 1,640 
 1,697 
 
 
  47, 500 
  47, 550 
 1,718 
 1,641 
 1,699 
 
 
  47, 550 
  47, 600 
 1,720 
 1,643 
 1,701 
 
 
  47, 600 
  47, 650 
 1,722 
 1,645 
 1,703 
 
 
  47, 650 
  47, 700 
 1,724 
 1,647 
 1,705 
 
 
  47, 700 
  47, 750 
 1,726 
 1,649 
 1,707 
 
 
  47, 750 
  47, 800 
 1,728 
 1,651 
 1,709 
 
 
  47, 800 
  47, 850 
 1,730 
 1,653 
 1,711 
 
 
  47, 850 
  47, 900 
 1,732 
 1,655 
 1,713 
 
 
  47, 900 
  47, 950 
 1,734 
 1,657 
 1,715 
 
 
  47, 950 
 48,000 
 1,735 
 1,659 
 1,716 
 
 
 
						
												
					 
					
					
					 
						
						  New York City Tax Table     
 
 
 If your  taxable  income is: 
 And you are: 
 
 
 At  least 
 But less  than 
 Single  or  Married  filing  separately 
 Married filing jointly* 
 Head  of a household 
 
 
 48,000 
 Your New York City tax is: 
 
 
 48,000 
  48, 050 
 1,737 
 1,661 
 1,718 
 
 
  48, 050 
  48, 100 
 1,739 
 1,662 
 1,720 
 
 
  48, 100 
  48, 150 
 1,741 
 1,664 
 1,722 
 
 
  48, 150 
  48, 200 
 1,743 
 1,666 
 1,724 
 
 
  48, 200 
  48, 250 
 1,745 
 1,668 
 1,726 
 
 
  48, 250 
  48, 300 
 1,747 
 1,670 
 1,728 
 
 
  48, 300 
  48, 350 
 1,749 
 1,672 
 1,730 
 
 
  48, 350 
  48, 400 
 1,751 
 1,674 
 1,732 
 
 
  48, 400 
  48, 450 
 1,753 
 1,676 
 1,734 
 
 
  48, 450 
  48, 500 
 1,755 
 1,678 
 1,736 
 
 
  48, 500 
  48, 550 
 1,756 
 1,680 
 1,737 
 
 
  48, 550 
  48, 600 
 1,758 
 1,682 
 1,739 
 
 
  48, 600 
  48, 650 
 1,760 
 1,683 
 1,741 
 
 
  48,650  
  48,700  
 1,762 
 1,685 
 1,743 
 
 
  48, 700 
  48, 750 
 1,764 
 1,687 
 1,745 
 
 
  48, 750 
  48, 800 
 1,766 
 1,689 
 1,747 
 
 
  48, 800 
  48, 850 
 1,768 
 1,691 
 1,749 
 
 
  48, 850 
  48, 900 
 1,770 
 1,693 
 1,751 
 
 
  48, 900 
  48, 950 
 1,772 
 1,695 
 1,753 
 
 
  48, 950 
 49,000 
 1,774 
 1,697 
 1,755 
 
 
 49,000 
 Your New York City tax is: 
 
 
 49,000 
  49, 050 
 1,776 
 1,699 
 1,757 
 
 
  49, 050 
  49, 100 
 1,777 
 1,701 
 1,758 
 
 
  49, 100 
  49, 150 
 1,779 
 1,703 
 1,760 
 
 
  49, 150 
  49, 200 
 1,781 
 1,704 
 1,762 
 
 
  49, 200 
  49, 250 
 1,783 
 1,706 
 1,764 
 
 
  49, 250 
  49, 300 
 1,785 
 1,708 
 1,766 
 
 
  49, 300 
  49, 350 
 1,787 
 1,710 
 1,768 
 
 
  49, 350 
  49, 400 
 1,789 
 1,712 
 1,770 
 
 
  49, 400 
  49, 450 
 1,791 
 1,714 
 1,772 
 
 
  49, 450 
  49, 500 
 1,793 
 1,716 
 1,774 
 
 
  49, 500 
  49, 550 
 1,795 
 1,718 
 1,776 
 
 
  49, 550 
  49, 600 
 1,797 
 1,720 
 1,778 
 
 
  49, 600 
  49, 650 
 1,798 
 1,722 
 1,779 
 
 
  49, 650 
  49, 700 
 1,800 
 1,724 
 1,781 
 
 
  49, 700 
  49, 750 
 1,802 
 1,725 
 1,783 
 
 
  49, 750 
  49, 800 
 1,804 
 1,727 
 1,785 
 
 
  49, 800 
  49, 850 
 1,806 
 1,729 
 1,787 
 
 
  49, 850 
  49, 900 
 1,808 
 1,731 
 1,789 
 
 
  49, 900 
  49, 950 
 1,810 
 1,733 
 1,791 
 
 
  49, 950 
 50,000 
 1,812 
 1,735 
 1,793 
 
 
 50,000 
 Your New York City tax is: 
 
 
 50,000 
  50, 050 
 1,814 
 1,737 
 1,795 
 
 
  50, 050 
  50, 100 
 1,816 
 1,739 
 1,797 
 
 
  50, 100 
  50, 150 
 1,818 
 1,741 
 1,799 
 
 
  50, 150 
  50, 200 
 1,820 
 1,743 
 1,800 
 
 
  50, 200 
  50, 250 
 1,822 
 1,745 
 1,802 
 
 
  50, 250 
  50, 300 
 1,824 
 1,746 
 1,804 
 
 
  50, 300 
  50, 350 
 1,826 
 1,748 
 1,806 
 
 
  50, 350 
  50, 400 
 1,828 
 1,750 
 1,808 
 
 
  50, 400 
  50, 450 
 1,829 
 1,752 
 1,810 
 
 
  50, 450 
  50, 500 
 1,831 
 1,754 
 1,812 
 
 
  50, 500 
  50, 550 
 1,833 
 1,756 
 1,814 
 
 
  50, 550 
  50, 600 
 1,835 
 1,758 
 1,816 
 
 
  50, 600 
  50, 650 
 1,837 
 1,760 
 1,818 
 
 
  50, 650 
  50, 700 
 1,839 
 1,762 
 1,820 
 
 
  50, 700 
  50, 750 
 1,841 
 1,764 
 1,821 
 
 
  50, 750 
 50,800 
 1,843 
 1,766 
 1,823 
 
 
  50, 800 
  50, 850 
 1,845 
 1,767 
 1,825 
 
 
  50, 850 
  50, 900 
 1,847 
 1,769 
 1,827 
 
 
  50, 900 
  50, 950 
 1,849 
 1,771 
 1,829 
 
 
  50, 950 
 51,000 
 1,851 
 1,773 
 1,831 
 
 
 
						
												
					 
					
				  
				
				
				  
					
					
					
					 
						
						  New York City Tax Table     
 
 
 If your  taxable  income is: 
 And you are: 
 
 
 At  least 
 But less  than 
 Single  or  Married  filing  separately 
 Married filing jointly* 
 Head  of a household 
 
 
 51,000 
 Your New York City tax is: 
 
 
 51,000 
  51, 050 
 1,853 
 1,775 
 1,833 
 
 
  51, 050 
  51, 100 
 1,855 
 1,777 
 1,835 
 
 
  51, 100 
  51, 150 
 1,857 
 1,779 
 1,837 
 
 
  51, 150 
  51, 200 
 1,859 
 1,781 
 1,839 
 
 
  51, 200 
  51, 250 
 1,860 
 1,783 
 1,841 
 
 
  51, 250 
  51, 300 
 1,862 
 1,785 
 1,842 
 
 
  51, 300 
  51, 350 
 1,864 
 1,787 
 1,844 
 
 
  51, 350 
  51, 400 
 1,866 
 1,788 
 1,846 
 
 
  51, 400 
  51, 450 
 1,868 
 1,790 
 1,848 
 
 
  51, 450 
  51, 500 
 1,870 
 1,792 
 1,850 
 
 
  51, 500 
  51, 550 
 1,872 
 1,794 
 1,852 
 
 
  51, 550 
  51, 600 
 1,874 
 1,796 
 1,854 
 
 
  51, 600 
  51, 650 
 1,876 
 1,798 
 1,856 
 
 
  51,650  
  51,700  
 1,878 
 1,800 
 1,858 
 
 
  51, 700 
  51, 750 
 1,880 
 1,802 
 1,860 
 
 
  51, 750 
  51, 800 
 1,882 
 1,804 
 1,862 
 
 
  51, 800 
  51, 850 
 1,884 
 1,806 
 1,863 
 
 
  51, 850 
  51, 900 
 1,886 
 1,808 
 1,865 
 
 
  51, 900 
  51, 950 
 1,888 
 1,809 
 1,867 
 
 
  51, 950 
 52,000 
 1,890 
 1,811 
 1,869 
 
 
 52,000 
 Your New York City tax is: 
 
 
 52,000 
  52, 050 
 1,891 
 1,813 
 1,871 
 
 
  52, 050 
  52, 100 
 1,893 
 1,815 
 1,873 
 
 
  52, 100 
  52, 150 
 1,895 
 1,817 
 1,875 
 
 
  52, 150 
  52, 200 
 1,897 
 1,819 
 1,877 
 
 
  52, 200 
  52, 250 
 1,899 
 1,821 
 1,879 
 
 
  52, 250 
  52, 300 
 1,901 
 1,823 
 1,881 
 
 
  52, 300 
  52, 350 
 1,903 
 1,825 
 1,883 
 
 
  52, 350 
  52, 400 
 1,905 
 1,827 
 1,885 
 
 
  52, 400 
  52, 450 
 1,907 
 1,829 
 1,886 
 
 
  52, 450 
  52, 500 
 1,909 
 1,830 
 1,888 
 
 
  52, 500 
  52, 550 
 1,911 
 1,832 
 1,890 
 
 
  52, 550 
  52, 600 
 1,913 
 1,834 
 1,892 
 
 
  52, 600 
  52, 650 
 1,915 
 1,836 
 1,894 
 
 
  52, 650 
  52, 700 
 1,917 
 1,838 
 1,896 
 
 
  52, 700 
  52, 750 
 1,919 
 1,840 
 1,898 
 
 
  52, 750 
  52, 800 
 1,921 
 1,842 
 1,900 
 
 
  52, 800 
  52, 850 
 1,922 
 1,844 
 1,902 
 
 
  52, 850 
  52, 900 
 1,924 
 1,846 
 1,904 
 
 
  52, 900 
  52, 950 
 1,926 
 1,848 
 1,906 
 
 
  52, 950 
 53,000 
 1,928 
 1,850 
 1,907 
 
 
 53,000 
 Your New York City tax is: 
 
 
 53,000 
  53, 050 
 1,930 
 1,851 
 1,909 
 
 
  53, 050 
  53, 100 
 1,932 
 1,853 
 1,911 
 
 
  53, 100 
  53, 150 
 1,934 
 1,855 
 1,913 
 
 
  53, 150 
  53, 200 
 1,936 
 1,857 
 1,915 
 
 
  53, 200 
  53, 250 
 1,938 
 1,859 
 1,917 
 
 
  53, 250 
  53, 300 
 1,940 
 1,861 
 1,919 
 
 
  53, 300 
  53, 350 
 1,942 
 1,863 
 1,921 
 
 
  53, 350 
  53, 400 
 1,944 
 1,865 
 1,923 
 
 
  53, 400 
  53, 450 
 1,946 
 1,867 
 1,925 
 
 
  53, 450 
  53, 500 
 1,948 
 1,869 
 1,927 
 
 
  53, 500 
  53, 550 
 1,950 
 1,871 
 1,928 
 
 
  53, 550 
  53, 600 
 1,952 
 1,872 
 1,930 
 
 
  53, 600 
  53, 650 
 1,954 
 1,874 
 1,932 
 
 
  53, 650 
  53, 700 
 1,955 
 1,876 
 1,934 
 
 
  53, 700 
  53, 750 
 1,957 
 1,878 
 1,936 
 
 
  53, 750 
 53,800 
 1,959 
 1,880 
 1,938 
 
 
  53, 800 
  53, 850 
 1,961 
 1,882 
 1,940 
 
 
  53, 850 
  53, 900 
 1,963 
 1,884 
 1,942 
 
 
  53, 900 
  53, 950 
 1,965 
 1,886 
 1,944 
 
 
  53, 950 
 54,000 
 1,967 
 1,888 
 1,946 
 
 
 
 *This column must also be used by a qualifying surviving spouse 
 $60,000+ 
						
												
					 
					
					
					 
						
						  New York City Tax Table     
 
 
 If your  taxable  income is: 
 And you are: 
 
 
 At  least 
 But less  than 
 Single  or  Married  filing  separately 
 Married filing jointly* 
 Head  of a household 
 
 
 54,000 
 Your New York City tax is: 
 
 
 54,000 
  54, 050 
 1,969 
 1,890 
 1,948 
 
 
  54, 050 
  54, 100 
 1,971 
 1,892 
 1,949 
 
 
  54, 100 
  54, 150 
 1,973 
 1,893 
 1,951 
 
 
  54, 150 
  54, 200 
 1,975 
 1,895 
 1,953 
 
 
  54, 200 
  54, 250 
 1,977 
 1,897 
 1,955 
 
 
  54, 250 
  54, 300 
 1,979 
 1,899 
 1,957 
 
 
  54, 300 
  54, 350 
 1,981 
 1,901 
 1,959 
 
 
  54, 350 
  54, 400 
 1,983 
 1,903 
 1,961 
 
 
  54, 400 
  54, 450 
 1,985 
 1,905 
 1,963 
 
 
  54, 450 
  54, 500 
 1,986 
 1,907 
 1,965 
 
 
  54, 500 
  54, 550 
 1,988 
 1,909 
 1,967 
 
 
  54, 550 
  54, 600 
 1,990 
 1,911 
 1,969 
 
 
  54, 600 
  54, 650 
 1,992 
 1,913 
 1,970 
 
 
  54,650  
  54,700  
 1,994 
 1,914 
 1,972 
 
 
  54, 700 
  54, 750 
 1,996 
 1,916 
 1,974 
 
 
  54, 750 
  54, 800 
 1,998 
 1,918 
 1,976 
 
 
  54, 800 
  54, 850 
 2,000 
 1,920 
 1,978 
 
 
  54, 850 
  54, 900 
 2,002 
 1,922 
 1,980 
 
 
  54, 900 
  54, 950 
 2,004 
 1,924 
 1,982 
 
 
  54, 950 
 55,000 
 2,006 
 1,926 
 1,984 
 
 
 55,000 
 Your New York City tax is: 
 
 
 55,000 
  55, 050 
 2,008 
 1,928 
 1,986 
 
 
  55, 050 
  55, 100 
 2,010 
 1,930 
 1,988 
 
 
  55, 100 
  55, 150 
 2,012 
 1,932 
 1,990 
 
 
  55, 150 
  55, 200 
 2,014 
 1,934 
 1,991 
 
 
  55, 200 
  55, 250 
 2,016 
 1,935 
 1,993 
 
 
  55, 250 
  55, 300 
 2,017 
 1,937 
 1,995 
 
 
  55, 300 
  55, 350 
 2,019 
 1,939 
 1,997 
 
 
  55, 350 
  55, 400 
 2,021 
 1,941 
 1,999 
 
 
  55, 400 
  55, 450 
 2,023 
 1,943 
 2,001 
 
 
  55, 450 
  55, 500 
 2,025 
 1,945 
 2,003 
 
 
  55, 500 
  55, 550 
 2,027 
 1,947 
 2,005 
 
 
  55, 550 
  55, 600 
 2,029 
 1,949 
 2,007 
 
 
  55, 600 
  55, 650 
 2,031 
 1,951 
 2,009 
 
 
  55, 650 
  55, 700 
 2,033 
 1,953 
 2,011 
 
 
  55, 700 
  55, 750 
 2,035 
 1,955 
 2,012 
 
 
  55, 750 
  55, 800 
 2,037 
 1,956 
 2,014 
 
 
  55, 800 
  55, 850 
 2,039 
 1,958 
 2,016 
 
 
  55, 850 
  55, 900 
 2,041 
 1,960 
 2,018 
 
 
  55, 900 
  55, 950 
 2,043 
 1,962 
 2,020 
 
 
  55, 950 
 56,000 
 2,045 
 1,964 
 2,022 
 
 
 56,000 
 Your New York City tax is: 
 
 
 56,000 
  56, 050 
 2,047 
 1,966 
 2,024 
 
 
  56, 050 
  56, 100 
 2,048 
 1,968 
 2,026 
 
 
  56, 100 
  56, 150 
 2,050 
 1,970 
 2,028 
 
 
  56, 150 
  56, 200 
 2,052 
 1,972 
 2,030 
 
 
  56, 200 
  56, 250 
 2,054 
 1,974 
 2,032 
 
 
  56, 250 
  56, 300 
 2,056 
 1,976 
 2,033 
 
 
  56, 300 
  56, 350 
 2,058 
 1,978 
 2,035 
 
 
  56, 350 
  56, 400 
 2,060 
 1,979 
 2,037 
 
 
  56, 400 
  56, 450 
 2,062 
 1,981 
 2,039 
 
 
  56, 450 
  56, 500 
 2,064 
 1,983 
 2,041 
 
 
  56, 500 
  56, 550 
 2,066 
 1,985 
 2,043 
 
 
  56, 550 
  56, 600 
 2,068 
 1,987 
 2,045 
 
 
  56, 600 
  56, 650 
 2,070 
 1,989 
 2,047 
 
 
  56, 650 
  56, 700 
 2,072 
 1,991 
 2,049 
 
 
  56, 700 
  56, 750 
 2,074 
 1,993 
 2,051 
 
 
  56, 750 
 56,800 
 2,076 
 1,995 
 2,053 
 
 
  56, 800 
  56, 850 
 2,078 
 1,997 
 2,054 
 
 
  56, 850 
  56, 900 
 2,079 
 1,999 
 2,056 
 
 
  56, 900 
  56, 950 
 2,081 
 2,000 
 2,058 
 
 
  56, 950 
 57,000 
 2,083 
 2,002 
 2,060 
 
 
 
						
												
					 
					
					
					 
						
						  New York City Tax Table     
 
 
 If your  taxable  income is: 
 And you are: 
 
 
 At  least 
 But less  than 
 Single  or  Married  filing  separately 
 Married filing jointly* 
 Head  of a household 
 
 
 57,000 
 Your New York City tax is: 
 
 
 57,000 
  57, 050 
 2,085 
 2,004 
 2,062 
 
 
  57, 050 
  57, 100 
 2,087 
 2,006 
 2,064 
 
 
  57, 100 
  57, 150 
 2,089 
 2,008 
 2,066 
 
 
  57, 150 
  57, 200 
 2,091 
 2,010 
 2,068 
 
 
  57, 200 
  57, 250 
 2,093 
 2,012 
 2,070 
 
 
  57, 250 
  57, 300 
 2,095 
 2,014 
 2,072 
 
 
  57, 300 
  57, 350 
 2,097 
 2,016 
 2,074 
 
 
  57, 350 
  57, 400 
 2,099 
 2,018 
 2,075 
 
 
  57, 400 
  57, 450 
 2,101 
 2,020 
 2,077 
 
 
  57, 450 
  57, 500 
 2,103 
 2,021 
 2,079 
 
 
  57, 500 
  57, 550 
 2,105 
 2,023 
 2,081 
 
 
  57, 550 
  57, 600 
 2,107 
 2,025 
 2,083 
 
 
  57, 600 
  57, 650 
 2,109 
 2,027 
 2,085 
 
 
  57,650  
  57,700  
 2,110 
 2,029 
 2,087 
 
 
  57, 700 
  57, 750 
 2,112 
 2,031 
 2,089 
 
 
  57, 750 
  57, 800 
 2,114 
 2,033 
 2,091 
 
 
  57, 800 
  57, 850 
 2,116 
 2,035 
 2,093 
 
 
  57, 850 
  57, 900 
 2,118 
 2,037 
 2,095 
 
 
  57, 900 
  57, 950 
 2,120 
 2,039 
 2,096 
 
 
  57, 950 
 58,000 
 2,122 
 2,041 
 2,098 
 
 
 58,000 
 Your New York City tax is: 
 
 
 58,000 
  58, 050 
 2,124 
 2,042 
 2,100 
 
 
  58, 050 
  58, 100 
 2,126 
 2,044 
 2,102 
 
 
  58, 100 
  58, 150 
 2,128 
 2,046 
 2,104 
 
 
  58, 150 
  58, 200 
 2,130 
 2,048 
 2,106 
 
 
  58, 200 
  58, 250 
 2,132 
 2,050 
 2,108 
 
 
  58, 250 
  58, 300 
 2,134 
 2,052 
 2,110 
 
 
  58, 300 
  58, 350 
 2,136 
 2,054 
 2,112 
 
 
  58, 350 
  58, 400 
 2,138 
 2,056 
 2,114 
 
 
  58, 400 
  58, 450 
 2,140 
 2,058 
 2,116 
 
 
  58, 450 
  58, 500 
 2,141 
 2,060 
 2,117 
 
 
  58, 500 
  58, 550 
 2,143 
 2,062 
 2,119 
 
 
  58, 550 
  58, 600 
 2,145 
 2,063 
 2,121 
 
 
  58, 600 
  58, 650 
 2,147 
 2,065 
 2,123 
 
 
  58, 650 
  58, 700 
 2,149 
 2,067 
 2,125 
 
 
  58, 700 
  58, 750 
 2,151 
 2,069 
 2,127 
 
 
  58, 750 
  58, 800 
 2,153 
 2,071 
 2,129 
 
 
  58, 800 
  58, 850 
 2,155 
 2,073 
 2,131 
 
 
  58, 850 
  58, 900 
 2,157 
 2,075 
 2,133 
 
 
  58, 900 
  58, 950 
 2,159 
 2,077 
 2,135 
 
 
  58, 950 
 59,000 
 2,161 
 2,079 
 2,137 
 
 
 59,000 
 Your New York City tax is: 
 
 
 59,000 
  59, 050 
 2,163 
 2,081 
 2,138 
 
 
  59, 050 
  59, 100 
 2,165 
 2,083 
 2,140 
 
 
  59, 100 
  59, 150 
 2,167 
 2,084 
 2,142 
 
 
  59, 150 
  59, 200 
 2,169 
 2,086 
 2,144 
 
 
  59, 200 
  59, 250 
 2,171 
 2,088 
 2,146 
 
 
  59, 250 
  59, 300 
 2,172 
 2,090 
 2,148 
 
 
  59, 300 
  59, 350 
 2,174 
 2,092 
 2,150 
 
 
  59, 350 
  59, 400 
 2,176 
 2,094 
 2,152 
 
 
  59, 400 
  59, 450 
 2,178 
 2,096 
 2,154 
 
 
  59, 450 
  59, 500 
 2,180 
 2,098 
 2,156 
 
 
  59, 500 
  59, 550 
 2,182 
 2,100 
 2,158 
 
 
  59, 550 
  59, 600 
 2,184 
 2,102 
 2,159 
 
 
  59, 600 
  59, 650 
 2,186 
 2,104 
 2,161 
 
 
  59, 650 
  59, 700 
 2,188 
 2,105 
 2,163 
 
 
  59, 700 
  59, 750 
 2,190 
 2,107 
 2,165 
 
 
  59, 750 
 59,800 
 2,192 
 2,109 
 2,167 
 
 
  59, 800 
  59, 850 
 2,194 
 2,111 
 2,169 
 
 
  59, 850 
  59, 900 
 2,196 
 2,113 
 2,171 
 
 
  59, 900 
  59, 950 
 2,198 
 2,115 
 2,173 
 
 
  59, 950 
 60,000 
 2,200 
 2,117 
 2,175 
 
 
 
						
												
					 
					
				  
				
				
				  
					
					
					
					 
						
						  New York City Tax Table     
 
 
 If your  taxable  income is: 
 And you are: 
 
 
 At  least 
 But less  than 
 Single  or  Married  filing  separately 
 Married filing jointly* 
 Head  of a household 
 
 
 60,000 
 Your New York City tax is: 
 
 
 60,000 
  60, 050 
 2,202 
 2,119 
 2,177 
 
 
  60, 050 
  60, 100 
 2,204 
 2,121 
 2,179 
 
 
  60, 100 
  60, 150 
 2,205 
 2,123 
 2,181 
 
 
  60, 150 
  60, 200 
 2,207 
 2,125 
 2,183 
 
 
  60, 200 
  60, 250 
 2,209 
 2,126 
 2,185 
 
 
  60, 250 
  60, 300 
 2,211 
 2,128 
 2,187 
 
 
  60, 300 
  60, 350 
 2,213 
 2,130 
 2,189 
 
 
  60, 350 
  60, 400 
 2,215 
 2,132 
 2,191 
 
 
  60, 400 
  60, 450 
 2,217 
 2,134 
 2,192 
 
 
  60, 450 
  60, 500 
 2,219 
 2,136 
 2,194 
 
 
  60, 500 
  60, 550 
 2,221 
 2,138 
 2,196 
 
 
  60, 550 
  60, 600 
 2,223 
 2,140 
 2,198 
 
 
  60, 600 
  60, 650 
 2,225 
 2,142 
 2,200 
 
 
  60,650  
  60,700  
 2,227 
 2,144 
 2,202 
 
 
  60, 700 
  60, 750 
 2,229 
 2,146 
 2,204 
 
 
  60, 750 
  60, 800 
 2,231 
 2,147 
 2,206 
 
 
  60, 800 
  60, 850 
 2,233 
 2,149 
 2,208 
 
 
  60, 850 
  60, 900 
 2,235 
 2,151 
 2,210 
 
 
  60, 900 
  60, 950 
 2,236 
 2,153 
 2,212 
 
 
  60, 950 
 61,000 
 2,238 
 2,155 
 2,214 
 
 
 61,000 
 Your New York City tax is: 
 
 
 61,000 
  61, 050 
 2,240 
 2,157 
 2,216 
 
 
  61, 050 
  61, 100 
 2,242 
 2,159 
 2,218 
 
 
  61, 100 
  61, 150 
 2,244 
 2,161 
 2,220 
 
 
  61, 150 
  61, 200 
 2,246 
 2,163 
 2,222 
 
 
  61, 200 
  61, 250 
 2,248 
 2,165 
 2,223 
 
 
  61, 250 
  61, 300 
 2,250 
 2,167 
 2,225 
 
 
  61, 300 
  61, 350 
 2,252 
 2,168 
 2,227 
 
 
  61, 350 
  61, 400 
 2,254 
 2,170 
 2,229 
 
 
  61, 400 
  61, 450 
 2,256 
 2,172 
 2,231 
 
 
  61, 450 
  61, 500 
 2,258 
 2,174 
 2,233 
 
 
  61, 500 
  61, 550 
 2,260 
 2,176 
 2,235 
 
 
  61, 550 
  61, 600 
 2,262 
 2,178 
 2,237 
 
 
  61, 600 
  61, 650 
 2,264 
 2,180 
 2,239 
 
 
  61, 650 
  61, 700 
 2,266 
 2,182 
 2,241 
 
 
  61, 700 
  61, 750 
 2,267 
 2,184 
 2,243 
 
 
  61, 750 
  61, 800 
 2,269 
 2,186 
 2,245 
 
 
  61, 800 
  61, 850 
 2,271 
 2,188 
 2,247 
 
 
  61, 850 
  61, 900 
 2,273 
 2,189 
 2,249 
 
 
  61, 900 
  61, 950 
 2,275 
 2,191 
 2,251 
 
 
  61, 950 
 62,000 
 2,277 
 2,193 
 2,253 
 
 
 
 *This column must also be used by a qualifying surviving spouse 
						
												
					 
					
					
					 
						
						  New York City Tax Table     
 
 
 If your  taxable  income is: 
 And you are: 
 
 
 At  least 
 But less  than 
 Single  or  Married  filing  separately 
 Married filing jointly* 
 Head  of a household 
 
 
 62,000 
 Your New York City tax is: 
 
 
 62,000 
  62, 050 
 2,279 
 2,195 
 2,254 
 
 
  62, 050 
  62, 100 
 2,281 
 2,197 
 2,256 
 
 
  62, 100 
  62, 150 
 2,283 
 2,199 
 2,258 
 
 
  62, 150 
  62, 200 
 2,285 
 2,201 
 2,260 
 
 
  62, 200 
  62, 250 
 2,287 
 2,203 
 2,262 
 
 
  62, 250 
  62, 300 
 2,289 
 2,205 
 2,264 
 
 
  62, 300 
  62, 350 
 2,291 
 2,207 
 2,266 
 
 
  62, 350 
  62, 400 
 2,293 
 2,209 
 2,268 
 
 
  62, 400 
  62, 450 
 2,295 
 2,210 
 2,270 
 
 
  62, 450 
  62, 500 
 2,297 
 2,212 
 2,272 
 
 
  62, 500 
  62, 550 
 2,298 
 2,214 
 2,274 
 
 
  62, 550 
  62, 600 
 2,300 
 2,216 
 2,276 
 
 
  62, 600 
  62, 650 
 2,302 
 2,218 
 2,278 
 
 
  62,650  
  62,700  
 2,304 
 2,220 
 2,280 
 
 
  62, 700 
  62, 750 
 2,306 
 2,222 
 2,282 
 
 
  62, 750 
  62, 800 
 2,308 
 2,224 
 2,284 
 
 
  62, 800 
  62, 850 
 2,310 
 2,226 
 2,285 
 
 
  62, 850 
  62, 900 
 2,312 
 2,228 
 2,287 
 
 
  62, 900 
  62, 950 
 2,314 
 2,230 
 2,289 
 
 
  62, 950 
 63,000 
 2,316 
 2,231 
 2,291 
 
 
 63,000 
 Your New York City tax is: 
 
 
 63,000 
  63, 050 
 2,318 
 2,233 
 2,293 
 
 
  63, 050 
  63, 100 
 2,320 
 2,235 
 2,295 
 
 
  63, 100 
  63, 150 
 2,322 
 2,237 
 2,297 
 
 
  63, 150 
  63, 200 
 2,324 
 2,239 
 2,299 
 
 
  63, 200 
  63, 250 
 2,326 
 2,241 
 2,301 
 
 
  63, 250 
  63, 300 
 2,328 
 2,243 
 2,303 
 
 
  63, 300 
  63, 350 
 2,329 
 2,245 
 2,305 
 
 
  63, 350 
  63, 400 
 2,331 
 2,247 
 2,307 
 
 
  63, 400 
  63, 450 
 2,333 
 2,249 
 2,309 
 
 
  63, 450 
  63, 500 
 2,335 
 2,251 
 2,311 
 
 
  63, 500 
  63, 550 
 2,337 
 2,252 
 2,313 
 
 
  63, 550 
  63, 600 
 2,339 
 2,254 
 2,315 
 
 
  63, 600 
  63, 650 
 2,341 
 2,256 
 2,317 
 
 
  63, 650 
  63, 700 
 2,343 
 2,258 
 2,318 
 
 
  63, 700 
  63, 750 
 2,345 
 2,260 
 2,320 
 
 
  63, 750 
  63, 800 
 2,347 
 2,262 
 2,322 
 
 
  63, 800 
  63, 850 
 2,349 
 2,264 
 2,324 
 
 
  63, 850 
  63, 900 
 2,351 
 2,266 
 2,326 
 
 
  63, 900 
  63, 950 
 2,353 
 2,268 
 2,328 
 
 
  63, 950 
 64,000 
 2,355 
 2,270 
 2,330 
 
 
 
						
												
					 
					
					
					 
						
						  New York City Tax Table     
 
 
 If your  taxable  income is: 
 And you are: 
 
 
 At  least 
 But less  than 
 Single  or  Married  filing  separately 
 Married filing jointly* 
 Head  of a household 
 
 
 64,000 
 Your New York City tax is: 
 
 
 64,000 
  64, 050 
 2,357 
 2,272 
 2,332 
 
 
  64, 050 
  64, 100 
 2,359 
 2,273 
 2,334 
 
 
  64, 100 
  64, 150 
 2,360 
 2,275 
 2,336 
 
 
  64, 150 
  64, 200 
 2,362 
 2,277 
 2,338 
 
 
  64, 200 
  64, 250 
 2,364 
 2,279 
 2,340 
 
 
  64, 250 
  64, 300 
 2,366 
 2,281 
 2,342 
 
 
  64, 300 
  64, 350 
 2,368 
 2,283 
 2,344 
 
 
  64, 350 
  64, 400 
 2,370 
 2,285 
 2,346 
 
 
  64, 400 
  64, 450 
 2,372 
 2,287 
 2,348 
 
 
  64, 450 
  64, 500 
 2,374 
 2,289 
 2,349 
 
 
  64, 500 
  64, 550 
 2,376 
 2,291 
 2,351 
 
 
  64, 550 
 64,600 
 2,378 
 2,293 
 2,353 
 
 
  64, 600 
  64, 650 
 2,380 
 2,294 
 2,355 
 
 
  64,650  
  64,700  
 2,382 
 2,296 
 2,357 
 
 
  64, 700 
  64, 750 
 2,384 
 2,298 
 2,359 
 
 
  64, 750 
  64, 800 
 2,386 
 2,300 
 2,361 
 
 
  64, 800 
  64, 850 
 2,388 
 2,302 
 2,363 
 
 
  64, 850 
  64, 900 
 2,390 
 2,304 
 2,365 
 
 
  64, 900 
  64, 950 
 2,391 
 2,306 
 2,367 
 
 
  64, 950 
 65,000 
 2,393 
 2,308 
 2,369 
 
 
 65,000 or more: 
 
 
 $65,000 or more—compute your New York City tax using   New York City tax rate schedule  . 
 
 
 
						
												
					 
					
				  
				
				
				 Updated:  November 18, 2025  
      		 
						 

					 
					 
						 
							 
								 Department of  
								 Taxation and Finance 
							 
							 
								 
							 Get help 
							 
								  Contact us  
								  Help resources  
								  Freedom of Information Law (FOIL)  
								  Taxpayer Rights Advocate  
								  Report fraud  
								  Feedback  
							 
						  
							 Website 
							 
								  Site map  
								  Privacy  
								  Security  
								  Disclaimer  
							 
						  
							 About us 
							 
								  About us  
								  Employment opportunities  
								  Press  
								  Email policy  
								  Accessibility  
								  Regulations and regulatory actions  
							 
						  
							 Language assistance 
							 
								  Language access  
								  Español  
								  繁體中文  
								  Русский  
								  יידיש  
								  বাংলা  
								  한국어  
								  Free interpretation  
								  Kreyòl ayisyen  
								  Italiano  
								  العربية  
								  Polski  
								  Français  
								  اردو  
							 
						 
						
							 
							 
								 Connect with us 
								 
									  
										 
										 Subscribe to NYS Department of Tax and Finance 
									  
                                      
										 
										 NYS Department of Tax and Finance on LinkedIn 
									  
									  
										 
										 NYS Department of Tax and Finance on Facebook 
									  
									  
										 
										 NYS Department of Tax and Finance on Instagram 
									  
									  
										 
										 NYS Department of Tax and Finance on X 
									  
									  
										 
										 NYS Department of Tax and Finance on YouTube 
									  
								 
							 
							 
								 
                                	 
                                    	  Register To Vote   
                                      	 Sign up online or download and mail in your application. 
                                  	 
									 
										  Vaccinate NY   
										 Get the facts about the COVID-19 vaccine. 
									 
									 
										  Donate Life   
										 Become an organ donor today! 
									 
								 
							 
						 
					 
				 
				 
					  
				 			
              
              
			 
		 
	 
 
